tanggal,temperature_2m_max,temperature_2m_min,precipitation_sum,windspeed_10m_max,relative_humidity_2m_max
2019-01-01,26.3,23.9,8.0,18.8,91
2019-01-02,30.1,22.6,5.0,22.1,95
2019-01-03,29.6,23.0,12.7,15.1,96
2019-01-04,31.4,22.1,0.0,17.0,93
2019-01-05,30.7,21.3,2.0,9.0,95
2019-01-06,30.9,23.0,5.1,10.2,94
2019-01-07,30.8,23.1,13.2,9.5,97
2019-01-08,30.8,23.5,27.1,7.6,96
2019-01-09,29.3,23.1,12.2,10.5,98
2019-01-10,30.0,23.1,11.9,14.4,97
2019-01-11,30.5,23.0,12.1,10.7,95
2019-01-12,30.8,23.5,11.0,12.6,96
2019-01-13,29.5,23.0,13.0,10.5,99
2019-01-14,28.4,22.8,18.2,9.8,97
2019-01-15,28.4,23.0,1.6,19.1,97
2019-01-16,29.4,23.8,7.7,18.4,98
2019-01-17,27.9,22.9,2.9,18.8,99
2019-01-18,29.2,23.0,4.4,20.7,96
2019-01-19,29.2,23.3,6.1,12.8,95
2019-01-20,29.2,23.0,10.2,12.3,95
2019-01-21,29.3,23.0,26.5,13.7,95
2019-01-22,27.0,21.9,13.9,11.2,97
2019-01-23,28.8,21.8,6.6,13.8,93
2019-01-24,30.1,23.5,13.5,12.1,96
2019-01-25,26.5,22.8,12.2,12.3,97
2019-01-26,29.4,21.7,9.0,16.0,98
2019-01-27,27.8,23.0,26.5,17.9,98
2019-01-28,29.2,23.3,10.2,17.9,96
2019-01-29,28.3,22.5,6.1,14.1,96
2019-01-30,29.2,22.8,13.2,12.7,98
2019-01-31,29.9,22.7,5.7,13.7,97
2019-02-01,29.6,22.5,15.2,12.3,97
2019-02-02,29.5,22.3,5.7,7.6,99
2019-02-03,31.2,22.4,5.7,10.5,97
2019-02-04,30.7,22.2,3.2,17.1,99
2019-02-05,29.9,22.6,0.8,18.1,96
2019-02-06,29.5,22.9,7.3,11.3,96
2019-02-07,30.5,22.9,3.3,13.0,99
2019-02-08,29.4,22.9,8.5,9.4,99
2019-02-09,30.5,22.9,5.2,10.4,98
2019-02-10,28.9,23.5,15.8,11.5,98
2019-02-11,31.0,23.1,12.0,10.9,100
2019-02-12,29.2,23.0,7.9,8.4,97
2019-02-13,29.2,23.2,3.9,9.7,96
2019-02-14,30.7,22.0,5.1,12.6,96
2019-02-15,27.7,23.1,88.6,7.7,99
2019-02-16,30.6,23.0,39.0,11.8,98
2019-02-17,30.2,22.7,6.9,9.9,98
2019-02-18,28.2,23.4,8.4,9.9,96
2019-02-19,31.5,23.0,8.4,12.3,95
2019-02-20,29.9,22.6,26.4,9.2,97
2019-02-21,29.4,23.0,20.3,10.3,98
2019-02-22,29.5,22.9,20.1,16.8,98
2019-02-23,31.0,22.4,27.8,12.6,98
2019-02-24,29.4,22.8,11.0,12.7,97
2019-02-25,31.2,22.5,9.1,9.2,98
2019-02-26,31.0,23.1,2.5,15.3,98
2019-02-27,31.0,22.8,6.5,15.2,96
2019-02-28,31.0,24.2,20.5,8.8,97
2019-03-01,29.0,23.6,8.6,8.4,95
2019-03-02,29.4,22.8,8.6,10.8,98
2019-03-03,26.8,23.4,9.0,9.0,97
2019-03-04,31.4,22.5,2.1,10.9,96
2019-03-05,29.0,23.6,16.1,12.5,99
2019-03-06,26.8,22.9,24.0,8.1,97
2019-03-07,28.6,22.2,4.3,9.5,93
2019-03-08,31.5,22.4,12.9,10.7,96
2019-03-09,31.1,22.8,3.4,9.7,98
2019-03-10,32.0,22.8,0.0,20.4,99
2019-03-11,28.9,23.0,22.9,14.0,97
2019-03-12,29.6,22.7,9.7,10.0,97
2019-03-13,29.8,23.2,1.9,6.2,96
2019-03-14,30.7,23.7,3.1,8.8,97
2019-03-15,31.5,23.0,0.2,13.1,93
2019-03-16,30.1,23.3,8.7,11.3,95
2019-03-17,29.9,23.1,8.7,9.8,97
2019-03-18,30.3,22.5,2.7,13.4,96
2019-03-19,29.2,23.4,6.3,12.8,96
2019-03-20,30.1,22.5,2.7,13.2,98
2019-03-21,30.0,23.2,7.9,13.5,96
2019-03-22,31.0,22.8,4.9,13.8,96
2019-03-23,30.0,23.6,1.0,22.7,95
2019-03-24,29.4,23.5,0.2,19.2,95
2019-03-25,30.6,23.0,5.0,12.9,95
2019-03-26,30.7,22.1,16.3,10.4,97
2019-03-27,30.9,23.7,11.7,7.2,98
2019-03-28,30.5,23.0,4.4,8.7,97
2019-03-29,30.9,23.0,3.6,9.4,97
2019-03-30,30.4,23.7,0.1,6.7,95
2019-03-31,30.6,23.5,8.3,11.9,96
2019-04-01,30.2,23.1,18.9,9.0,98
2019-04-02,30.5,23.1,3.6,8.2,100
2019-04-03,30.5,22.5,7.2,9.3,95
2019-04-04,31.1,23.2,8.9,11.5,94
2019-04-05,29.2,23.1,11.4,16.5,96
2019-04-06,31.3,22.7,4.1,9.0,99
2019-04-07,31.4,23.0,4.1,6.8,99
2019-04-08,31.3,23.4,5.3,7.6,97
2019-04-09,30.9,23.4,1.8,8.6,99
2019-04-10,30.4,23.5,3.6,7.8,97
2019-04-11,30.5,22.5,1.8,11.5,99
2019-04-12,31.1,23.8,15.9,10.0,98
2019-04-13,31.6,23.4,18.4,10.8,100
2019-04-14,31.2,23.0,16.0,9.9,98
2019-04-15,30.8,24.0,13.8,9.4,97
2019-04-16,30.8,23.5,8.0,8.0,98
2019-04-17,30.7,23.4,3.4,15.8,97
2019-04-18,31.2,24.0,10.3,9.9,96
2019-04-19,30.7,23.4,15.2,16.9,98
2019-04-20,30.8,23.3,11.2,8.0,99
2019-04-21,31.0,23.2,5.4,16.0,95
2019-04-22,31.8,23.1,1.2,9.8,96
2019-04-23,31.4,23.6,3.6,11.3,95
2019-04-24,29.1,24.2,7.3,9.4,97
2019-04-25,31.4,23.4,18.8,10.2,99
2019-04-26,31.1,23.8,40.2,8.8,98
2019-04-27,28.6,23.7,17.5,7.1,98
2019-04-28,30.7,23.7,14.4,11.7,98
2019-04-29,29.8,23.8,10.5,6.4,98
2019-04-30,30.6,23.8,8.1,6.9,99
2019-05-01,29.9,23.2,6.8,9.5,100
2019-05-02,31.2,23.2,2.6,8.4,96
2019-05-03,31.8,23.2,2.5,5.8,98
2019-05-04,30.6,23.5,4.1,8.0,97
2019-05-05,30.6,23.4,10.1,7.9,98
2019-05-06,29.8,23.0,6.0,7.9,98
2019-05-07,30.8,23.2,4.6,9.2,95
2019-05-08,31.2,23.1,3.1,8.0,94
2019-05-09,30.2,23.5,19.2,8.3,95
2019-05-10,29.6,23.2,14.8,7.1,96
2019-05-11,29.8,23.6,5.1,12.0,95
2019-05-12,29.6,23.7,10.2,8.9,97
2019-05-13,31.0,22.5,9.8,8.8,97
2019-05-14,30.5,23.5,16.6,11.3,96
2019-05-15,30.9,23.2,25.4,8.3,97
2019-05-16,30.7,23.6,5.0,7.4,98
2019-05-17,30.5,23.1,0.7,7.6,97
2019-05-18,29.5,23.1,2.4,8.3,92
2019-05-19,31.3,22.1,1.2,6.8,94
2019-05-20,30.9,23.2,1.6,6.8,94
2019-05-21,31.1,22.6,0.6,10.5,93
2019-05-22,31.3,23.5,2.2,11.0,93
2019-05-23,32.0,22.8,0.0,9.7,96
2019-05-24,31.3,22.9,0.2,14.7,96
2019-05-25,31.2,22.6,0.6,9.2,92
2019-05-26,31.7,23.6,0.1,7.6,90
2019-05-27,31.0,23.5,1.9,11.6,94
2019-05-28,31.5,23.0,0.6,14.0,94
2019-05-29,31.4,22.8,2.0,10.1,94
2019-05-30,31.8,23.5,3.9,9.5,95
2019-05-31,31.9,22.4,0.3,9.8,96
2019-06-01,31.3,23.9,0.6,11.4,90
2019-06-02,31.5,23.5,1.1,8.2,93
2019-06-03,30.9,23.0,1.0,10.0,92
2019-06-04,31.4,23.0,0.3,10.7,94
2019-06-05,32.3,22.5,0.6,8.5,94
2019-06-06,31.7,23.0,1.3,8.8,95
2019-06-07,30.6,23.4,15.2,7.4,97
2019-06-08,30.5,23.3,3.4,8.2,98
2019-06-09,30.0,22.9,0.0,8.3,96
2019-06-10,31.8,21.5,0.0,7.0,92
2019-06-11,31.3,23.6,1.4,7.9,95
2019-06-12,32.0,23.6,0.0,9.4,95
2019-06-13,32.0,23.3,0.0,8.6,96
2019-06-14,31.3,23.9,0.6,6.5,96
2019-06-15,31.3,23.8,2.9,6.9,99
2019-06-16,31.5,23.7,5.0,7.8,98
2019-06-17,32.0,22.1,0.0,9.8,97
2019-06-18,31.3,20.2,0.3,15.3,94
2019-06-19,32.3,20.3,0.0,13.9,95
2019-06-20,32.0,22.2,0.0,9.5,94
2019-06-21,31.4,21.5,0.0,9.4,91
2019-06-22,31.5,21.1,0.0,8.3,93
2019-06-23,31.8,22.2,0.4,8.3,96
2019-06-24,31.9,22.3,0.0,12.6,96
2019-06-25,33.1,21.4,0.0,11.9,93
2019-06-26,33.3,20.5,0.1,13.2,92
2019-06-27,32.8,22.2,0.5,9.4,86
2019-06-28,32.8,22.4,0.1,10.1,88
2019-06-29,33.2,22.3,0.0,14.6,84
2019-06-30,33.0,21.8,0.2,11.6,82
2019-07-01,33.2,21.5,0.0,17.5,91
2019-07-02,33.5,23.7,0.2,15.5,85
2019-07-03,34.4,23.0,0.0,17.9,81
2019-07-04,32.7,23.5,6.8,9.5,93
2019-07-05,32.0,23.3,2.2,8.7,95
2019-07-06,33.5,23.0,1.4,13.0,97
2019-07-07,33.7,22.4,3.7,14.2,98
2019-07-08,33.3,21.6,6.6,16.1,95
2019-07-09,31.3,22.9,6.6,9.4,97
2019-07-10,32.5,22.8,0.0,14.8,93
2019-07-11,32.4,20.1,0.0,10.6,96
2019-07-12,32.7,20.2,0.0,12.3,93
2019-07-13,33.3,21.8,0.1,17.9,89
2019-07-14,32.5,21.8,0.1,11.5,89
2019-07-15,32.8,21.8,0.0,15.9,89
2019-07-16,33.3,20.5,0.0,12.6,90
2019-07-17,33.0,22.3,0.0,15.5,76
2019-07-18,34.0,20.4,0.0,19.4,84
2019-07-19,33.5,22.0,0.3,15.6,81
2019-07-20,34.8,23.8,0.7,17.7,83
2019-07-21,34.8,23.6,2.0,13.7,89
2019-07-22,34.1,23.4,1.2,18.8,95
2019-07-23,34.2,21.2,0.0,17.3,93
2019-07-24,34.7,23.5,0.0,20.6,81
2019-07-25,34.7,22.4,0.0,17.6,80
2019-07-26,34.5,21.8,0.0,16.9,85
2019-07-27,34.9,21.8,0.0,18.4,95
2019-07-28,34.2,22.4,0.3,6.7,89
2019-07-29,34.4,22.5,0.0,18.0,91
2019-07-30,34.8,22.3,0.0,20.7,80
2019-07-31,35.2,22.6,0.2,17.7,81
2019-08-01,34.9,23.5,0.0,19.8,78
2019-08-02,35.0,23.0,0.3,16.5,84
2019-08-03,34.2,22.1,0.0,18.3,91
2019-08-04,34.2,22.5,0.8,18.2,77
2019-08-05,33.7,22.5,0.0,18.8,70
2019-08-06,33.2,22.1,0.1,17.3,68
2019-08-07,33.0,21.9,0.0,18.9,77
2019-08-08,34.5,22.2,0.0,18.1,78
2019-08-09,34.8,23.1,0.1,18.6,83
2019-08-10,33.0,22.3,0.0,16.2,87
2019-08-11,33.6,23.8,0.0,14.6,86
2019-08-12,34.0,22.5,0.0,18.6,89
2019-08-13,35.2,22.4,0.1,14.8,89
2019-08-14,34.8,22.9,0.1,20.2,84
2019-08-15,32.4,24.0,0.9,12.0,89
2019-08-16,34.0,23.8,7.0,10.5,97
2019-08-17,33.7,23.0,0.9,9.8,98
2019-08-18,35.6,21.5,0.0,16.0,90
2019-08-19,35.2,21.1,0.0,17.0,82
2019-08-20,34.8,22.4,0.0,19.3,80
2019-08-21,35.7,21.9,0.0,17.2,83
2019-08-22,34.2,23.5,5.0,10.5,94
2019-08-23,34.8,22.2,0.1,17.5,96
2019-08-24,34.3,23.4,0.2,15.0,92
2019-08-25,34.8,22.4,0.1,17.1,83
2019-08-26,34.5,23.0,3.2,12.8,92
2019-08-27,32.3,22.9,9.1,11.9,97
2019-08-28,32.0,22.9,22.7,11.8,97
2019-08-29,32.0,22.7,1.4,9.7,98
2019-08-30,33.7,22.8,0.0,18.2,96
2019-08-31,34.3,21.2,0.0,11.9,89
2019-09-01,34.6,21.1,0.0,15.5,84
2019-09-02,35.4,22.6,0.1,14.6,83
2019-09-03,34.2,23.6,0.3,13.4,96
2019-09-04,35.4,23.5,0.9,11.5,92
2019-09-05,32.0,23.5,3.1,11.2,94
2019-09-06,34.3,22.8,0.1,15.8,97
2019-09-07,34.7,22.4,0.0,17.8,83
2019-09-08,34.9,23.2,0.0,18.9,80
2019-09-09,35.5,23.0,0.3,15.9,83
2019-09-10,37.3,24.1,0.0,15.6,89
2019-09-11,36.2,22.4,0.0,19.2,83
2019-09-12,35.7,22.1,1.2,16.4,83
2019-09-13,34.8,22.9,0.3,21.0,78
2019-09-14,34.7,21.5,0.1,22.7,77
2019-09-15,33.8,22.6,1.6,20.9,92
2019-09-16,34.5,22.4,2.8,18.9,97
2019-09-17,35.6,22.0,0.6,14.4,97
2019-09-18,36.3,23.4,0.6,18.4,92
2019-09-19,35.9,24.4,0.4,20.7,91
2019-09-20,35.5,24.6,0.0,21.6,82
2019-09-21,35.8,23.5,0.0,19.9,80
2019-09-22,35.8,23.6,0.0,20.6,80
2019-09-23,35.2,22.9,0.3,21.1,80
2019-09-24,37.2,22.6,0.0,20.5,88
2019-09-25,36.2,24.0,1.2,16.5,85
2019-09-26,35.2,24.0,0.8,11.0,95
2019-09-27,36.5,23.9,0.0,19.2,84
2019-09-28,35.5,24.4,2.1,14.0,94
2019-09-29,34.1,23.7,5.0,14.4,96
2019-09-30,34.3,23.5,1.8,15.7,93
2019-10-01,36.3,21.3,1.3,20.2,97
2019-10-02,34.8,23.3,2.1,16.5,99
2019-10-03,34.7,23.1,2.1,18.0,92
2019-10-04,35.5,23.6,0.4,15.4,94
2019-10-05,36.3,22.8,0.0,22.7,83
2019-10-06,36.7,23.5,0.1,21.1,77
2019-10-07,35.9,23.9,0.4,16.3,77
2019-10-08,36.7,24.3,7.0,19.7,93
2019-10-09,33.9,23.5,0.8,14.2,97
2019-10-10,32.0,24.1,14.2,11.9,99
2019-10-11,32.3,24.2,3.8,9.5,94
2019-10-12,32.9,22.1,0.6,9.6,94
2019-10-13,33.8,22.4,0.4,11.9,92
2019-10-14,35.0,23.8,0.0,16.3,94
2019-10-15,34.7,24.4,0.9,12.9,90
2019-10-16,34.8,23.5,1.6,9.4,93
2019-10-17,33.2,24.2,3.5,9.5,91
2019-10-18,31.8,24.0,6.4,9.6,97
2019-10-19,33.5,23.2,1.5,11.8,96
2019-10-20,35.2,23.8,0.1,19.2,95
2019-10-21,37.0,21.8,0.0,20.4,94
2019-10-22,38.3,22.9,0.0,24.1,84
2019-10-23,37.8,24.1,0.0,24.3,82
2019-10-24,36.5,24.0,0.4,18.4,84
2019-10-25,36.5,25.0,2.2,18.0,86
2019-10-26,36.0,23.5,0.9,12.3,92
2019-10-27,33.0,24.4,38.2,10.9,94
2019-10-28,31.7,23.6,6.2,10.4,96
2019-10-29,32.1,23.0,0.7,10.5,96
2019-10-30,32.3,22.8,0.3,6.7,93
2019-10-31,32.7,23.4,0.3,7.9,84
2019-11-01,32.3,24.0,3.5,10.5,93
2019-11-02,32.0,24.0,3.9,19.1,92
2019-11-03,32.0,24.2,3.8,9.1,91
2019-11-04,31.6,24.5,1.2,9.2,94
2019-11-05,33.7,24.2,0.7,15.5,93
2019-11-06,34.0,24.0,0.4,16.2,91
2019-11-07,35.8,24.0,0.0,14.8,82
2019-11-08,35.2,23.0,0.7,7.0,89
2019-11-09,36.2,23.7,0.2,13.1,82
2019-11-10,33.8,25.4,7.3,10.4,92
2019-11-11,36.1,24.5,0.6,11.2,95
2019-11-12,34.8,25.2,5.5,16.5,93
2019-11-13,33.1,24.0,19.5,17.1,97
2019-11-14,30.6,24.0,14.8,15.1,98
2019-11-15,33.1,22.9,3.4,12.4,96
2019-11-16,35.0,23.5,0.2,15.5,92
2019-11-17,34.3,24.5,0.2,14.9,87
2019-11-18,36.0,24.3,0.3,16.4,93
2019-11-19,34.4,23.5,10.6,13.9,94
2019-11-20,34.3,23.5,9.6,7.6,95
2019-11-21,32.5,23.7,24.9,10.1,99
2019-11-22,32.0,23.4,25.3,8.4,98
2019-11-23,32.9,23.9,7.3,11.8,96
2019-11-24,32.7,23.0,4.8,9.5,97
2019-11-25,32.5,23.0,6.2,7.4,96
2019-11-26,31.7,23.2,13.7,11.6,96
2019-11-27,32.2,23.5,10.5,12.1,97
2019-11-28,32.8,23.1,5.1,8.9,96
2019-11-29,31.9,23.9,7.3,9.8,96
2019-11-30,32.0,24.0,8.4,7.3,96
2019-12-01,33.1,24.1,2.0,9.8,96
2019-12-02,32.8,23.8,2.6,9.3,96
2019-12-03,32.3,24.4,5.2,12.2,98
2019-12-04,32.2,23.9,3.7,11.5,100
2019-12-05,32.1,23.3,7.0,11.0,99
2019-12-06,29.9,24.0,4.4,11.5,99
2019-12-07,29.1,23.9,76.2,10.5,98
2019-12-08,31.2,23.1,4.1,7.0,98
2019-12-09,31.4,23.9,4.4,10.3,97
2019-12-10,29.5,22.9,9.7,11.6,97
2019-12-11,31.4,23.4,10.6,7.4,96
2019-12-12,29.8,23.0,11.7,11.8,97
2019-12-13,30.6,22.9,2.8,7.6,96
2019-12-14,31.4,23.2,12.1,7.6,97
2019-12-15,31.0,23.2,5.5,8.6,99
2019-12-16,29.2,23.1,13.5,8.8,98
2019-12-17,29.8,23.0,20.4,8.9,99
2019-12-18,31.5,23.1,7.9,5.5,100
2019-12-19,30.5,23.1,1.6,7.4,97
2019-12-20,30.5,23.0,2.1,10.5,95
2019-12-21,30.8,23.9,8.5,6.9,97
2019-12-22,30.4,22.7,5.5,8.6,100
2019-12-23,30.8,22.6,0.7,8.7,100
2019-12-24,31.5,23.2,8.9,13.0,96
2019-12-25,28.4,23.6,10.9,10.0,97
2019-12-26,30.5,24.0,11.1,6.6,98
2019-12-27,31.1,23.2,21.3,9.2,99
2019-12-28,28.9,23.2,7.7,10.5,99
2019-12-29,29.1,23.4,5.9,7.9,98
2019-12-30,31.2,23.1,11.4,10.4,99
2019-12-31,29.1,23.5,49.4,10.0,98
2020-01-01,27.0,23.0,16.6,8.0,98
2020-01-02,29.5,23.1,8.9,15.5,99
2020-01-03,29.3,22.8,4.4,14.7,96
2020-01-04,29.0,22.8,10.8,14.3,98
2020-01-05,27.0,23.4,11.2,17.5,96
2020-01-06,28.4,23.0,15.8,14.1,98
2020-01-07,29.6,23.0,4.3,19.6,97
2020-01-08,28.5,22.5,26.9,10.8,99
2020-01-09,26.5,23.2,24.0,10.0,98
2020-01-10,26.0,23.2,42.2,11.6,97
2020-01-11,27.0,23.6,5.5,18.4,93
2020-01-12,29.7,23.0,1.2,19.4,95
2020-01-13,29.8,22.9,2.6,17.6,98
2020-01-14,30.4,23.4,4.5,11.5,97
2020-01-15,28.6,23.5,5.4,7.3,99
2020-01-16,30.6,22.9,11.2,10.5,99
2020-01-17,30.5,22.5,14.5,10.8,98
2020-01-18,28.9,23.0,7.8,12.7,98
2020-01-19,31.2,23.0,9.4,11.9,97
2020-01-20,30.9,23.8,60.7,13.4,97
2020-01-21,29.5,23.0,21.5,9.5,98
2020-01-22,30.1,23.3,7.0,8.4,97
2020-01-23,30.0,24.1,13.3,10.2,98
2020-01-24,28.2,23.8,22.0,8.5,98
2020-01-25,27.5,23.5,20.3,11.3,100
2020-01-26,29.9,23.1,16.4,8.6,97
2020-01-27,29.9,23.2,21.0,12.3,99
2020-01-28,30.5,23.4,17.2,14.3,99
2020-01-29,31.2,23.1,18.0,13.6,97
2020-01-30,30.1,23.2,4.9,12.6,96
2020-01-31,28.0,23.0,13.7,8.9,97
2020-02-01,29.0,23.2,24.0,14.5,99
2020-02-02,28.9,23.1,9.6,9.5,99
2020-02-03,28.5,22.7,15.8,10.2,97
2020-02-04,28.5,23.3,16.0,8.2,97
2020-02-05,29.0,22.9,11.5,10.2,98
2020-02-06,28.0,23.4,8.4,9.6,99
2020-02-07,29.4,22.5,23.9,15.1,99
2020-02-08,27.9,23.7,10.0,8.0,97
2020-02-09,28.5,23.5,2.8,16.8,94
2020-02-10,31.4,22.6,3.4,9.7,97
2020-02-11,30.2,23.1,6.6,9.3,99
2020-02-12,31.5,23.2,6.2,8.5,97
2020-02-13,29.0,23.7,17.1,11.5,96
2020-02-14,28.8,23.8,20.1,10.9,99
2020-02-15,30.6,23.7,14.2,9.4,98
2020-02-16,29.9,23.2,27.9,10.7,100
2020-02-17,29.8,23.1,10.3,10.9,99
2020-02-18,29.6,23.5,11.7,16.4,100
2020-02-19,28.3,22.8,10.2,12.9,99
2020-02-20,28.5,23.2,15.6,13.0,97
2020-02-21,30.2,22.8,5.5,14.0,97
2020-02-22,30.2,23.4,13.0,14.2,97
2020-02-23,28.7,24.1,28.5,16.8,97
2020-02-24,28.2,24.0,31.1,16.8,97
2020-02-25,27.6,23.9,17.5,9.0,98
2020-02-26,29.0,22.9,22.2,11.6,95
2020-02-27,28.5,23.3,16.3,9.4,97
2020-02-28,30.2,23.9,18.8,14.8,97
2020-02-29,29.6,23.9,18.8,14.0,100
2020-03-01,29.0,24.1,18.4,14.4,97
2020-03-02,29.8,23.8,12.2,14.3,97
2020-03-03,29.9,23.4,9.0,10.8,96
2020-03-04,30.5,23.2,36.9,10.6,97
2020-03-05,27.2,23.6,19.6,15.6,96
2020-03-06,31.1,22.0,0.8,12.8,93
2020-03-07,29.3,22.9,0.1,15.7,98
2020-03-08,30.0,23.2,26.3,12.4,98
2020-03-09,31.0,23.0,0.0,22.0,93
2020-03-10,31.9,23.4,6.5,12.6,95
2020-03-11,30.8,23.5,16.2,13.2,99
2020-03-12,28.9,24.0,37.0,9.2,97
2020-03-13,31.0,22.3,6.9,10.9,97
2020-03-14,31.3,23.4,2.7,9.6,95
2020-03-15,31.4,23.9,18.3,8.4,97
2020-03-16,30.4,23.4,16.7,9.1,98
2020-03-17,30.9,23.4,15.5,12.1,99
2020-03-18,28.5,23.0,28.4,12.8,98
2020-03-19,29.0,22.9,18.5,7.4,99
2020-03-20,29.6,23.5,18.2,13.9,99
2020-03-21,29.5,22.4,3.9,15.0,99
2020-03-22,28.0,23.0,19.9,7.2,98
2020-03-23,30.3,23.1,24.6,9.3,97
2020-03-24,30.6,23.2,16.4,7.6,96
2020-03-25,31.2,22.2,4.6,9.2,98
2020-03-26,30.0,24.0,26.2,11.3,99
2020-03-27,31.2,23.5,19.2,14.0,97
2020-03-28,30.8,22.9,4.0,8.2,97
2020-03-29,31.1,23.3,12.5,8.2,97
2020-03-30,30.7,24.0,9.2,9.0,98
2020-03-31,31.8,23.9,7.9,13.6,98
2020-04-01,29.6,23.4,1.2,10.5,100
2020-04-02,30.8,22.7,9.9,10.6,99
2020-04-03,31.1,23.0,7.8,14.3,99
2020-04-04,30.8,23.2,19.7,11.1,98
2020-04-05,31.2,24.2,7.9,10.9,99
2020-04-06,30.4,23.8,28.3,9.7,100
2020-04-07,29.8,23.8,3.8,19.6,99
2020-04-08,30.0,23.0,9.4,10.2,95
2020-04-09,30.2,23.5,16.5,10.5,97
2020-04-10,30.5,23.3,29.5,8.9,98
2020-04-11,31.1,23.3,16.7,8.7,100
2020-04-12,31.0,23.5,4.5,9.5,96
2020-04-13,31.0,23.5,69.3,10.3,97
2020-04-14,30.6,23.1,14.8,9.0,98
2020-04-15,29.2,23.4,10.7,11.1,96
2020-04-16,30.5,23.5,7.0,10.0,97
2020-04-17,31.1,23.5,14.8,8.4,98
2020-04-18,31.5,22.8,6.7,9.4,98
2020-04-19,31.5,23.3,2.0,8.1,99
2020-04-20,31.5,23.8,8.3,11.3,96
2020-04-21,29.8,23.8,5.8,9.3,96
2020-04-22,31.5,23.5,1.1,11.8,97
2020-04-23,31.0,24.2,4.0,15.1,95
2020-04-24,29.4,24.0,9.5,16.9,98
2020-04-25,31.2,21.8,0.4,11.5,98
2020-04-26,29.1,23.4,11.3,11.7,96
2020-04-27,29.8,23.6,13.0,9.7,98
2020-04-28,27.0,24.0,15.3,6.5,96
2020-04-29,30.2,22.8,7.6,10.2,97
2020-04-30,28.6,24.4,8.6,6.0,98
2020-05-01,30.0,23.9,70.4,9.4,97
2020-05-02,29.2,24.0,4.2,11.7,96
2020-05-03,29.8,23.4,22.9,10.8,95
2020-05-04,29.8,23.5,14.6,13.2,98
2020-05-05,31.0,23.1,11.8,11.8,98
2020-05-06,31.0,23.8,19.2,11.5,99
2020-05-07,31.5,23.7,2.2,9.8,96
2020-05-08,31.2,23.4,8.7,9.5,95
2020-05-09,27.5,23.0,8.4,9.9,97
2020-05-10,30.5,24.1,17.2,9.2,97
2020-05-11,30.8,23.7,5.9,10.1,97
2020-05-12,31.2,23.6,9.1,10.5,96
2020-05-13,29.3,24.1,13.7,6.6,97
2020-05-14,31.0,23.2,0.9,12.9,96
2020-05-15,30.6,22.5,0.3,13.0,96
2020-05-16,32.0,22.7,0.6,14.1,95
2020-05-17,31.1,24.2,6.6,6.6,95
2020-05-18,28.5,24.2,21.2,8.7,98
2020-05-19,31.6,22.7,3.5,7.3,98
2020-05-20,31.2,23.5,11.4,17.3,97
2020-05-21,31.0,23.6,0.3,7.9,98
2020-05-22,31.1,24.1,8.3,10.2,95
2020-05-23,31.2,23.4,0.1,9.6,97
2020-05-24,32.2,22.5,0.9,11.6,97
2020-05-25,31.5,23.4,13.4,8.7,98
2020-05-26,30.4,23.4,9.9,12.4,99
2020-05-27,30.0,23.5,5.5,11.0,99
2020-05-28,30.3,23.1,12.7,8.9,100
2020-05-29,31.1,23.4,13.5,10.5,97
2020-05-30,31.0,23.9,9.8,10.7,96
2020-05-31,29.6,23.0,5.4,9.0,97
2020-06-01,30.8,22.6,4.4,12.2,97
2020-06-02,30.4,22.7,14.1,7.6,98
2020-06-03,30.2,23.9,6.5,16.5,97
2020-06-04,31.0,22.5,0.0,12.7,96
2020-06-05,31.1,22.9,1.1,7.4,94
2020-06-06,30.5,22.0,1.5,9.8,96
2020-06-07,30.5,23.4,3.8,10.6,96
2020-06-08,30.0,22.8,2.9,10.0,96
2020-06-09,30.4,22.9,10.2,7.5,98
2020-06-10,30.7,23.4,2.7,11.4,96
2020-06-11,30.6,23.1,6.2,6.4,96
2020-06-12,30.6,22.5,4.0,8.8,98
2020-06-13,30.9,22.6,1.9,8.0,97
2020-06-14,31.8,22.5,0.2,10.1,96
2020-06-15,31.0,23.8,6.7,6.6,98
2020-06-16,30.7,23.4,6.6,19.2,97
2020-06-17,31.4,22.0,1.3,11.8,98
2020-06-18,31.5,23.1,7.9,9.3,96
2020-06-19,30.0,22.5,17.1,8.7,98
2020-06-20,31.2,22.1,0.3,8.3,96
2020-06-21,30.9,21.9,0.9,14.4,93
2020-06-22,30.6,23.0,11.0,12.3,96
2020-06-23,30.1,22.5,8.2,8.8,98
2020-06-24,30.4,22.5,8.5,7.1,96
2020-06-25,31.0,22.6,3.6,11.4,98
2020-06-26,30.5,23.0,4.4,7.7,97
2020-06-27,30.1,22.3,2.9,10.8,96
2020-06-28,30.5,22.0,0.5,6.8,96
2020-06-29,31.4,23.8,0.3,13.2,96
2020-06-30,31.1,22.0,0.2,7.7,96
2020-07-01,31.6,22.2,3.4,11.4,98
2020-07-02,30.0,23.4,8.2,10.2,97
2020-07-03,30.6,22.5,2.9,6.9,97
2020-07-04,28.3,23.2,0.8,7.2,96
2020-07-05,30.5,20.4,0.0,16.4,95
2020-07-06,31.5,20.4,1.6,11.9,95
2020-07-07,31.8,23.0,0.3,11.2,96
2020-07-08,31.3,22.9,3.1,9.3,94
2020-07-09,31.9,22.8,3.0,10.5,90
2020-07-10,31.0,22.4,1.7,10.8,93
2020-07-11,31.6,22.4,0.3,10.6,100
2020-07-12,32.0,22.8,2.0,8.4,97
2020-07-13,31.6,22.5,2.6,13.0,95
2020-07-14,31.3,22.7,5.0,14.5,96
2020-07-15,31.2,22.9,2.4,18.6,98
2020-07-16,30.8,23.5,0.2,15.3,92
2020-07-17,32.5,21.4,3.1,9.8,94
2020-07-18,33.0,22.6,0.9,13.0,95
2020-07-19,33.0,21.8,0.8,14.4,95
2020-07-20,32.4,22.2,1.6,9.1,95
2020-07-21,32.5,23.8,8.2,13.1,97
2020-07-22,31.6,22.5,5.6,9.9,98
2020-07-23,32.1,22.0,2.8,7.6,97
2020-07-24,32.9,22.4,0.7,15.3,96
2020-07-25,32.4,22.4,0.0,14.7,89
2020-07-26,33.0,22.2,0.0,14.2,88
2020-07-27,33.1,21.3,0.0,17.3,91
2020-07-28,32.8,21.1,0.0,8.7,91
2020-07-29,32.9,22.0,0.1,13.2,84
2020-07-30,32.5,22.3,0.0,11.6,85
2020-07-31,33.1,22.6,0.0,18.0,76
2020-08-01,34.0,21.4,0.0,17.5,77
2020-08-02,34.3,21.8,0.1,18.4,80
2020-08-03,34.8,23.0,0.2,11.3,92
2020-08-04,33.6,24.5,0.1,15.5,81
2020-08-05,33.6,23.0,0.8,12.2,89
2020-08-06,34.2,23.7,4.6,13.9,94
2020-08-07,34.5,23.1,2.7,12.0,97
2020-08-08,32.8,23.4,5.1,11.0,96
2020-08-09,32.9,23.8,3.4,10.8,96
2020-08-10,33.0,23.7,0.8,8.7,96
2020-08-11,32.1,24.3,4.3,8.4,94
2020-08-12,32.7,24.4,1.0,12.1,95
2020-08-13,31.7,24.1,21.2,13.6,98
2020-08-14,30.6,22.5,15.1,10.0,99
2020-08-15,31.1,21.8,2.0,13.3,96
2020-08-16,31.4,22.6,10.9,7.8,98
2020-08-17,31.3,22.1,3.5,12.7,97
2020-08-18,31.4,22.2,1.7,10.6,97
2020-08-19,31.8,22.0,0.3,12.7,96
2020-08-20,31.5,23.0,0.4,15.5,98
2020-08-21,32.3,21.3,0.0,17.2,92
2020-08-22,33.5,21.0,0.0,13.2,92
2020-08-23,34.5,22.8,0.0,14.5,91
2020-08-24,33.3,23.8,0.1,12.2,89
2020-08-25,35.5,22.1,0.0,18.2,90
2020-08-26,35.5,22.0,0.0,22.7,86
2020-08-27,34.8,21.7,0.0,19.4,81
2020-08-28,35.2,23.1,0.0,18.5,80
2020-08-29,34.8,23.6,1.7,12.9,82
2020-08-30,35.5,23.3,1.7,14.2,86
2020-08-31,36.0,23.6,0.0,18.4,96
2020-09-01,37.0,22.8,0.0,19.8,81
2020-09-02,34.0,24.8,5.3,14.8,87
2020-09-03,34.3,23.4,11.6,12.4,93
2020-09-04,33.7,23.0,4.1,13.1,97
2020-09-05,32.5,23.9,2.2,7.3,96
2020-09-06,33.6,22.9,0.1,13.3,94
2020-09-07,35.5,23.7,0.1,23.2,94
2020-09-08,34.2,23.0,0.5,15.7,92
2020-09-09,35.9,23.8,2.3,14.1,88
2020-09-10,33.4,23.2,6.0,13.6,97
2020-09-11,32.5,23.1,3.1,12.1,97
2020-09-12,33.8,22.2,0.5,13.8,94
2020-09-13,32.5,22.9,2.2,13.0,92
2020-09-14,33.8,23.5,90.2,16.3,96
2020-09-15,30.7,23.5,15.5,10.8,96
2020-09-16,31.5,21.6,1.1,14.2,93
2020-09-17,32.2,22.0,2.3,13.8,96
2020-09-18,32.7,21.5,0.4,10.2,96
2020-09-19,34.7,22.2,0.0,18.5,93
2020-09-20,29.6,22.6,7.4,18.8,95
2020-09-21,31.1,22.3,15.3,9.1,98
2020-09-22,30.4,22.9,25.4,9.8,96
2020-09-23,32.9,21.9,0.2,8.0,95
2020-09-24,31.8,23.1,1.8,9.4,96
2020-09-25,32.2,23.7,0.0,12.7,94
2020-09-26,31.5,22.4,4.2,10.3,92
2020-09-27,30.4,22.6,29.6,7.1,97
2020-09-28,31.2,22.2,5.7,13.1,94
2020-09-29,31.4,22.0,0.1,12.1,92
2020-09-30,31.9,22.9,0.4,13.4,91
2020-10-01,32.7,23.9,9.2,14.7,96
2020-10-02,31.9,22.4,14.9,8.0,96
2020-10-03,27.0,23.5,22.4,9.8,95
2020-10-04,31.2,23.0,3.5,11.5,92
2020-10-05,31.4,22.8,1.7,14.0,93
2020-10-06,30.7,23.4,0.4,13.0,91
2020-10-07,31.9,23.2,1.2,9.4,90
2020-10-08,31.0,23.6,9.3,12.2,93
2020-10-09,30.8,22.9,27.1,10.0,97
2020-10-10,30.8,23.1,4.0,5.8,98
2020-10-11,30.9,23.4,8.0,14.1,97
2020-10-12,30.4,23.0,5.0,8.7,94
2020-10-13,32.2,23.2,3.6,13.2,92
2020-10-14,33.0,23.2,0.6,9.0,93
2020-10-15,32.2,23.4,0.6,9.3,89
2020-10-16,32.8,24.1,18.4,13.6,95
2020-10-17,30.8,24.0,11.3,12.0,95
2020-10-18,31.5,23.8,5.3,10.0,93
2020-10-19,31.3,22.6,17.1,8.7,95
2020-10-20,31.1,22.8,9.6,12.3,96
2020-10-21,29.8,23.6,9.0,10.1,97
2020-10-22,27.9,23.5,7.8,13.4,98
2020-10-23,30.9,24.2,7.3,9.7,95
2020-10-24,30.5,23.6,27.4,9.2,97
2020-10-25,30.0,23.3,12.5,7.7,96
2020-10-26,29.5,23.1,14.1,10.7,98
2020-10-27,29.5,22.2,4.4,7.2,99
2020-10-28,30.2,22.9,19.0,6.4,97
2020-10-29,31.9,22.5,7.4,11.7,96
2020-10-30,30.9,22.9,15.0,14.3,97
2020-10-31,30.5,23.0,10.7,10.4,97
2020-11-01,29.8,22.5,6.3,14.8,99
2020-11-02,30.0,23.8,0.9,16.9,91
2020-11-03,31.6,22.9,0.0,11.4,97
2020-11-04,31.5,22.5,8.0,10.6,95
2020-11-05,27.1,23.2,5.1,6.6,95
2020-11-06,29.4,23.2,12.6,13.0,98
2020-11-07,31.7,22.5,0.8,9.6,97
2020-11-08,31.2,22.9,8.5,11.5,96
2020-11-09,31.0,22.1,0.2,10.0,97
2020-11-10,31.8,22.5,5.5,10.5,96
2020-11-11,32.2,22.4,0.8,6.6,95
2020-11-12,31.2,23.9,5.2,13.3,97
2020-11-13,31.1,22.6,3.4,11.9,95
2020-11-14,31.6,23.4,48.9,9.1,96
2020-11-15,30.4,23.5,10.9,13.2,97
2020-11-16,31.5,22.7,12.4,15.9,97
2020-11-17,29.5,23.7,8.8,7.2,98
2020-11-18,31.0,23.5,11.6,7.1,97
2020-11-19,31.5,23.2,5.3,11.6,95
2020-11-20,31.2,23.0,8.7,12.7,98
2020-11-21,29.7,23.3,17.4,12.2,97
2020-11-22,30.4,23.7,11.5,13.3,97
2020-11-23,27.5,23.6,6.0,8.3,97
2020-11-24,31.2,23.7,2.3,15.7,94
2020-11-25,31.7,23.9,4.2,15.1,94
2020-11-26,31.0,22.2,0.3,13.7,96
2020-11-27,32.0,22.8,0.0,16.3,92
2020-11-28,30.1,23.5,4.0,11.4,94
2020-11-29,29.5,23.6,55.4,14.8,96
2020-11-30,28.4,23.0,17.8,16.2,96
2020-12-01,30.8,22.8,6.0,12.1,97
2020-12-02,31.1,22.9,1.6,13.2,94
2020-12-03,27.5,23.6,13.7,10.2,99
2020-12-04,29.3,23.0,8.1,14.3,91
2020-12-05,26.6,23.9,11.7,14.6,94
2020-12-06,26.2,23.2,12.2,15.0,94
2020-12-07,25.9,23.5,19.4,19.1,95
2020-12-08,28.0,23.3,2.2,24.5,96
2020-12-09,27.9,23.5,4.1,24.2,93
2020-12-10,29.9,23.8,16.0,17.3,93
2020-12-11,29.0,23.6,19.5,14.2,96
2020-12-12,28.0,23.8,9.8,20.2,94
2020-12-13,28.3,23.6,11.8,13.8,94
2020-12-14,29.4,22.5,8.4,17.0,95
2020-12-15,29.5,22.9,4.9,17.7,97
2020-12-16,29.0,23.2,11.7,18.7,96
2020-12-17,28.4,23.1,0.4,16.9,94
2020-12-18,29.2,23.0,4.7,17.7,93
2020-12-19,29.8,22.2,11.3,11.9,95
2020-12-20,29.0,22.2,4.7,14.1,95
2020-12-21,26.5,22.8,31.2,13.3,94
2020-12-22,29.0,21.7,0.8,13.5,96
2020-12-23,30.5,21.9,3.6,16.3,96
2020-12-24,30.7,22.9,10.1,13.0,100
2020-12-25,29.3,23.0,1.1,13.7,91
2020-12-26,27.9,23.6,4.0,10.4,96
2020-12-27,30.3,23.5,9.6,12.8,96
2020-12-28,29.5,23.0,2.2,13.5,96
2020-12-29,28.0,23.5,2.0,18.8,94
2020-12-30,27.0,22.8,6.1,12.3,92
2020-12-31,27.7,23.2,7.3,14.8,94
2021-01-01,28.9,22.9,4.1,16.6,98
2021-01-02,29.8,21.8,1.1,10.2,97
2021-01-03,30.1,22.6,10.1,10.8,96
2021-01-04,29.0,23.1,5.3,14.2,95
2021-01-05,27.9,22.5,7.0,8.5,96
2021-01-06,30.1,23.0,32.8,14.3,99
2021-01-07,27.8,23.0,3.1,9.2,98
2021-01-08,29.1,23.3,14.9,13.7,94
2021-01-09,29.0,23.1,14.8,20.4,97
2021-01-10,28.1,23.2,9.9,14.8,94
2021-01-11,29.2,22.6,6.2,14.8,95
2021-01-12,28.1,23.7,3.9,16.2,94
2021-01-13,27.8,23.2,20.8,12.6,97
2021-01-14,27.2,22.1,1.9,8.4,98
2021-01-15,29.1,22.6,0.2,10.7,95
2021-01-16,31.0,22.5,0.2,11.3,95
2021-01-17,30.3,22.3,1.3,16.7,96
2021-01-18,27.9,23.0,17.4,17.1,97
2021-01-19,25.9,22.6,15.7,13.3,96
2021-01-20,27.3,22.9,6.3,13.0,98
2021-01-21,27.1,23.2,17.9,11.0,98
2021-01-22,29.0,23.1,5.4,11.0,99
2021-01-23,28.6,22.1,2.4,9.1,100
2021-01-24,25.6,23.0,40.8,6.6,100
2021-01-25,30.0,21.4,17.7,14.2,98
2021-01-26,28.1,22.5,18.0,16.0,98
2021-01-27,26.1,23.0,19.0,18.8,95
2021-01-28,25.6,22.9,27.9,16.6,96
2021-01-29,26.0,22.5,4.1,10.8,98
2021-01-30,27.1,22.5,17.5,11.3,97
2021-01-31,26.6,22.5,16.6,11.4,96
2021-02-01,29.5,22.0,8.0,14.5,94
2021-02-02,27.8,23.0,22.7,12.4,97
2021-02-03,26.3,22.9,31.1,12.3,98
2021-02-04,29.1,23.0,15.9,18.6,97
2021-02-05,28.6,23.1,6.5,19.1,96
2021-02-06,28.6,23.5,7.6,16.1,97
2021-02-07,27.3,23.1,29.4,18.2,97
2021-02-08,28.0,22.9,48.1,16.9,97
2021-02-09,28.2,23.1,13.0,12.9,98
2021-02-10,28.5,22.9,11.8,11.9,96
2021-02-11,29.9,22.8,2.1,18.8,99
2021-02-12,29.1,22.6,11.0,14.3,99
2021-02-13,28.6,22.3,7.2,12.0,99
2021-02-14,28.9,23.2,16.6,12.0,99
2021-02-15,27.6,22.7,9.3,10.9,98
2021-02-16,28.0,22.8,14.3,11.2,98
2021-02-17,28.0,22.8,14.1,10.7,98
2021-02-18,28.5,23.4,14.1,14.8,99
2021-02-19,25.1,22.5,27.9,10.7,98
2021-02-20,27.1,22.6,23.5,12.6,96
2021-02-21,28.3,22.4,6.5,12.1,97
2021-02-22,29.2,22.0,3.7,13.4,96
2021-02-23,30.6,21.5,3.0,9.5,97
2021-02-24,25.9,23.2,10.0,18.4,94
2021-02-25,28.4,22.7,15.3,19.3,98
2021-02-26,27.7,23.0,17.2,15.1,98
2021-02-27,30.9,22.1,5.8,15.8,98
2021-02-28,31.8,22.5,0.6,12.4,99
2021-03-01,32.4,21.9,7.9,7.9,98
2021-03-02,28.6,23.1,8.2,11.2,99
2021-03-03,29.6,22.1,11.8,10.8,96
2021-03-04,30.0,22.3,5.3,9.3,96
2021-03-05,31.1,23.0,2.4,6.2,98
2021-03-06,30.0,22.5,0.0,8.9,97
2021-03-07,28.8,22.8,12.9,8.3,98
2021-03-08,27.2,23.0,10.5,15.6,97
2021-03-09,29.9,21.6,1.9,12.8,96
2021-03-10,28.2,21.6,12.7,12.3,98
2021-03-11,28.3,22.2,6.2,12.2,97
2021-03-12,29.6,21.5,3.4,17.6,97
2021-03-13,29.0,23.0,4.6,14.7,95
2021-03-14,30.0,21.5,4.9,17.9,96
2021-03-15,30.1,21.8,10.6,9.9,94
2021-03-16,30.0,23.3,8.1,8.2,97
2021-03-17,30.8,21.6,3.7,10.4,99
2021-03-18,30.5,22.0,12.1,11.5,97
2021-03-19,30.8,22.1,3.3,8.2,97
2021-03-20,31.0,23.1,1.0,9.4,95
2021-03-21,31.2,22.2,4.8,10.9,96
2021-03-22,30.6,22.4,5.1,14.2,96
2021-03-23,30.1,22.6,4.5,13.3,99
2021-03-24,30.4,23.0,6.9,13.0,95
2021-03-25,30.9,22.5,9.3,11.3,96
2021-03-26,31.8,22.1,2.6,8.7,100
2021-03-27,29.9,23.5,45.9,8.3,97
2021-03-28,31.1,22.8,3.4,7.9,99
2021-03-29,30.0,23.1,6.7,13.1,97
2021-03-30,26.9,23.5,12.9,9.5,99
2021-03-31,30.6,22.9,9.4,9.0,100
2021-04-01,26.8,22.8,21.6,15.3,96
2021-04-02,30.7,22.3,3.2,10.1,97
2021-04-03,27.8,23.2,26.3,13.0,99
2021-04-04,29.8,22.9,16.9,17.4,100
2021-04-05,29.2,23.2,15.5,12.2,98
2021-04-06,29.8,23.0,7.7,15.6,95
2021-04-07,28.8,24.3,4.2,19.1,91
2021-04-08,29.9,23.4,1.2,16.4,92
2021-04-09,30.3,22.5,3.0,14.0,94
2021-04-10,30.2,22.7,6.7,9.2,95
2021-04-11,30.5,23.9,6.1,10.7,97
2021-04-12,30.2,22.6,0.8,7.8,99
2021-04-13,30.7,22.5,3.6,7.4,97
2021-04-14,30.2,22.3,14.0,6.9,100
2021-04-15,30.0,22.8,17.2,10.1,98
2021-04-16,30.4,22.6,5.2,8.9,96
2021-04-17,30.9,22.6,19.9,13.0,96
2021-04-18,30.3,22.5,7.7,7.9,96
2021-04-19,30.9,22.8,10.9,9.7,98
2021-04-20,29.9,22.5,4.0,8.2,96
2021-04-21,31.1,22.5,0.2,9.4,97
2021-04-22,31.5,22.1,0.3,8.0,94
2021-04-23,30.6,21.6,0.4,9.8,93
2021-04-24,31.0,21.0,1.1,9.2,96
2021-04-25,30.9,21.9,1.7,10.1,94
2021-04-26,30.9,22.5,0.9,10.5,96
2021-04-27,31.1,22.8,2.9,7.2,97
2021-04-28,29.8,23.5,28.0,8.0,96
2021-04-29,30.5,22.3,1.9,6.1,97
2021-04-30,29.9,22.2,7.4,11.8,97
2021-05-01,30.6,23.3,3.7,14.7,98
2021-05-02,30.8,24.0,2.5,11.2,96
2021-05-03,29.9,23.4,3.2,16.6,97
2021-05-04,30.8,23.0,1.9,9.2,97
2021-05-05,30.9,23.4,7.8,6.2,98
2021-05-06,30.3,23.5,36.1,8.1,97
2021-05-07,30.8,23.1,9.5,8.4,96
2021-05-08,30.8,23.2,27.6,9.0,98
2021-05-09,31.1,23.5,17.2,9.4,97
2021-05-10,30.6,24.1,1.0,8.3,96
2021-05-11,31.7,23.0,0.1,10.2,94
2021-05-12,31.5,22.7,1.5,8.2,96
2021-05-13,31.1,23.1,2.2,9.3,98
2021-05-14,31.4,22.9,0.8,7.4,97
2021-05-15,31.4,23.7,2.5,8.7,95
2021-05-16,30.7,24.0,4.2,6.8,96
2021-05-17,30.4,23.1,8.1,7.9,96
2021-05-18,29.6,23.2,58.7,8.8,97
2021-05-19,30.9,23.1,1.8,11.6,95
2021-05-20,30.9,24.1,2.7,10.7,97
2021-05-21,30.9,23.5,1.6,7.3,97
2021-05-22,30.0,23.7,7.8,10.1,99
2021-05-23,30.1,22.7,12.4,8.4,96
2021-05-24,31.4,23.3,37.0,7.1,98
2021-05-25,31.1,22.8,2.3,9.0,99
2021-05-26,30.8,22.1,0.3,16.1,96
2021-05-27,30.6,24.0,0.4,18.4,96
2021-05-28,31.1,22.4,4.7,10.7,96
2021-05-29,29.2,23.7,11.9,7.0,98
2021-05-30,30.7,22.8,1.3,9.1,98
2021-05-31,29.9,23.4,6.1,8.5,98
2021-06-01,31.0,23.4,26.2,8.4,98
2021-06-02,31.1,23.5,4.5,9.3,97
2021-06-03,31.0,23.9,2.7,9.0,96
2021-06-04,30.9,24.6,6.3,6.6,99
2021-06-05,30.9,23.7,0.5,7.1,97
2021-06-06,30.4,23.0,4.2,11.6,100
2021-06-07,30.8,22.9,0.8,7.2,96
2021-06-08,30.9,22.8,0.8,7.2,94
2021-06-09,29.5,23.0,2.9,6.5,96
2021-06-10,30.9,23.0,2.8,4.9,96
2021-06-11,29.2,23.5,9.0,9.5,97
2021-06-12,30.8,22.7,6.7,7.9,96
2021-06-13,30.7,22.8,5.7,9.3,96
2021-06-14,30.2,22.1,0.3,17.8,98
2021-06-15,29.6,23.1,4.7,13.0,96
2021-06-16,30.3,22.1,29.9,10.0,98
2021-06-17,27.9,22.9,1.2,8.1,97
2021-06-18,30.5,22.5,15.6,10.6,97
2021-06-19,28.2,22.6,12.5,8.2,97
2021-06-20,29.3,21.9,24.6,8.9,97
2021-06-21,28.6,22.0,11.9,8.2,97
2021-06-22,29.8,22.2,16.4,8.4,97
2021-06-23,29.8,22.1,25.9,5.9,97
2021-06-24,27.0,22.2,8.6,13.1,99
2021-06-25,30.2,22.1,2.7,9.8,98
2021-06-26,29.8,21.8,8.5,13.1,95
2021-06-27,30.4,22.1,14.7,9.9,96
2021-06-28,29.6,22.6,4.4,9.0,96
2021-06-29,29.8,22.5,7.8,9.4,96
2021-06-30,29.5,23.4,3.7,9.3,99
2021-07-01,28.5,22.9,4.3,14.0,98
2021-07-02,30.0,21.4,0.3,19.6,96
2021-07-03,30.9,21.6,0.0,8.9,98
2021-07-04,31.2,21.5,0.2,8.0,93
2021-07-05,30.5,22.7,0.6,7.3,94
2021-07-06,30.8,22.3,0.5,6.6,98
2021-07-07,29.5,21.8,0.1,8.7,91
2021-07-08,30.9,21.8,0.0,11.3,96
2021-07-09,31.3,22.5,1.0,10.7,90
2021-07-10,30.8,23.5,10.1,12.0,97
2021-07-11,30.3,23.2,2.9,16.1,98
2021-07-12,30.9,21.8,0.0,14.5,99
2021-07-13,30.0,20.8,0.2,10.0,96
2021-07-14,29.0,23.5,0.0,9.2,90
2021-07-15,31.5,21.6,0.0,9.4,96
2021-07-16,31.1,22.6,0.0,12.0,90
2021-07-17,31.5,21.9,0.3,8.9,95
2021-07-18,32.3,21.1,0.0,11.3,96
2021-07-19,31.1,22.6,5.8,7.0,95
2021-07-20,30.4,22.6,23.4,9.2,96
2021-07-21,31.0,23.3,2.9,8.6,95
2021-07-22,29.9,22.4,0.1,9.7,99
2021-07-23,29.9,23.4,19.9,8.4,98
2021-07-24,30.1,22.9,5.0,9.2,96
2021-07-25,31.5,20.7,0.0,9.4,97
2021-07-26,30.9,21.0,0.0,12.8,95
2021-07-27,31.7,20.6,0.0,10.1,93
2021-07-28,31.4,20.4,0.0,7.7,96
2021-07-29,31.6,22.2,0.3,11.5,93
2021-07-30,31.7,21.6,0.3,9.8,92
2021-07-31,30.5,22.9,2.9,10.4,96
2021-08-01,31.1,23.1,2.4,8.4,97
2021-08-02,30.0,23.1,3.4,8.9,94
2021-08-03,31.8,22.7,1.1,13.5,96
2021-08-04,32.2,23.0,6.9,10.5,93
2021-08-05,30.9,22.6,17.1,11.8,98
2021-08-06,31.5,22.3,0.2,15.4,95
2021-08-07,30.2,21.5,3.1,16.9,95
2021-08-08,31.5,22.7,5.7,12.7,96
2021-08-09,31.1,23.1,7.9,13.8,97
2021-08-10,28.7,23.0,32.2,6.1,96
2021-08-11,30.9,21.7,0.0,9.5,95
2021-08-12,31.4,21.4,0.0,8.6,89
2021-08-13,30.1,22.2,0.9,11.8,89
2021-08-14,31.0,22.5,1.5,13.2,96
2021-08-15,31.6,23.0,0.0,17.3,96
2021-08-16,31.4,21.6,0.0,14.3,92
2021-08-17,31.4,22.3,0.7,7.6,96
2021-08-18,31.0,22.8,20.1,10.6,94
2021-08-19,29.8,22.4,6.8,10.9,98
2021-08-20,31.1,22.5,6.0,11.7,98
2021-08-21,29.8,22.0,13.5,7.6,97
2021-08-22,30.4,22.1,0.5,14.0,96
2021-08-23,30.9,22.0,1.0,10.5,95
2021-08-24,30.7,22.4,0.5,8.0,93
2021-08-25,30.6,22.5,0.0,10.7,88
2021-08-26,31.8,21.8,0.0,12.1,89
2021-08-27,31.2,21.9,0.0,10.2,89
2021-08-28,32.0,22.5,0.2,14.6,82
2021-08-29,30.5,22.8,0.2,8.2,97
2021-08-30,32.0,22.5,1.5,7.3,96
2021-08-31,31.1,23.0,11.7,9.9,98
2021-09-01,32.0,22.1,2.2,16.3,97
2021-09-02,30.8,22.7,0.3,8.8,94
2021-09-03,31.1,23.1,0.0,13.0,90
2021-09-04,31.9,23.2,0.1,11.1,88
2021-09-05,33.3,22.9,1.4,12.8,92
2021-09-06,30.8,23.1,12.7,15.5,97
2021-09-07,29.4,22.2,26.5,9.3,99
2021-09-08,30.7,21.8,2.6,7.6,96
2021-09-09,30.6,21.5,0.0,14.3,96
2021-09-10,31.8,21.4,0.0,10.6,91
2021-09-11,31.8,23.0,0.7,8.6,91
2021-09-12,29.6,23.6,29.3,8.4,94
2021-09-13,31.5,23.1,15.2,16.3,98
2021-09-14,25.1,22.6,42.4,9.2,98
2021-09-15,29.9,22.6,0.1,8.9,100
2021-09-16,31.6,22.2,2.4,10.8,95
2021-09-17,31.5,22.5,1.3,13.7,99
2021-09-18,32.0,23.0,0.1,11.5,94
2021-09-19,31.4,23.5,8.6,13.0,93
2021-09-20,30.2,23.0,1.1,13.1,90
2021-09-21,30.8,22.1,4.6,8.5,93
2021-09-22,31.1,22.4,6.7,15.0,96
2021-09-23,31.5,22.8,11.2,14.2,98
2021-09-24,32.4,22.5,7.2,13.7,97
2021-09-25,31.8,23.2,4.4,9.7,96
2021-09-26,31.4,23.4,5.6,14.3,97
2021-09-27,31.1,23.8,10.2,13.3,96
2021-09-28,30.9,23.4,8.3,6.5,97
2021-09-29,31.1,22.5,1.4,6.2,97
2021-09-30,31.6,22.9,3.4,9.0,96
2021-10-01,31.0,24.1,11.7,9.8,94
2021-10-02,31.5,24.0,2.0,12.4,95
2021-10-03,30.5,22.6,1.1,7.9,94
2021-10-04,31.1,23.1,5.3,10.0,95
2021-10-05,32.3,23.5,6.4,12.9,95
2021-10-06,31.3,22.2,1.0,10.9,89
2021-10-07,31.6,22.8,0.1,9.0,87
2021-10-08,31.4,22.1,0.0,8.8,90
2021-10-09,32.5,23.3,0.1,8.3,91
2021-10-10,32.8,23.7,3.1,13.4,92
2021-10-11,32.0,23.0,0.8,11.2,93
2021-10-12,32.9,22.2,0.9,12.0,92
2021-10-13,35.0,23.9,2.2,17.4,91
2021-10-14,34.0,23.8,0.3,13.8,91
2021-10-15,34.4,24.4,3.0,11.1,94
2021-10-16,33.7,24.2,10.9,10.5,94
2021-10-17,33.0,23.1,20.4,10.8,99
2021-10-18,28.6,22.8,7.4,12.4,99
2021-10-19,32.1,22.4,12.1,20.5,98
2021-10-20,31.1,24.0,2.2,8.5,95
2021-10-21,30.6,23.0,18.6,10.5,98
2021-10-22,31.4,22.5,12.9,10.6,97
2021-10-23,31.9,22.5,3.4,10.5,98
2021-10-24,32.2,23.0,1.0,13.0,95
2021-10-25,32.3,24.0,5.6,10.5,95
2021-10-26,32.8,23.1,3.2,13.6,95
2021-10-27,30.6,23.0,19.9,11.0,97
2021-10-28,30.9,22.5,4.1,14.4,98
2021-10-29,32.2,22.9,17.6,12.0,96
2021-10-30,31.7,23.5,8.0,13.4,96
2021-10-31,31.9,23.5,21.1,9.1,97
2021-11-01,28.1,22.2,14.0,12.3,100
2021-11-02,30.6,22.5,10.0,10.0,97
2021-11-03,30.7,23.0,11.6,11.2,98
2021-11-04,32.0,23.1,28.1,13.4,97
2021-11-05,28.6,22.5,2.6,9.4,97
2021-11-06,31.5,23.2,15.2,7.3,98
2021-11-07,30.8,22.8,36.8,19.7,98
2021-11-08,30.8,23.0,2.1,9.5,99
2021-11-09,31.1,23.4,17.3,12.9,96
2021-11-10,29.6,23.4,12.4,14.6,98
2021-11-11,28.5,23.0,1.1,12.0,95
2021-11-12,31.7,24.3,1.2,12.5,92
2021-11-13,30.7,23.4,14.5,8.3,96
2021-11-14,29.7,23.5,4.5,8.0,96
2021-11-15,27.7,22.9,21.8,9.7,99
2021-11-16,30.6,22.6,1.8,10.3,96
2021-11-17,30.9,23.0,9.6,12.6,96
2021-11-18,30.4,23.6,13.5,18.8,100
2021-11-19,27.6,23.4,28.8,11.9,99
2021-11-20,30.5,23.4,11.9,10.0,96
2021-11-21,30.0,22.5,0.1,16.5,96
2021-11-22,30.0,23.5,11.3,13.2,92
2021-11-23,29.3,23.8,4.8,15.7,94
2021-11-24,30.1,22.8,0.0,9.7,92
2021-11-25,32.0,21.4,0.3,12.5,88
2021-11-26,30.6,23.5,9.3,11.4,97
2021-11-27,30.4,23.2,7.9,17.0,97
2021-11-28,29.8,23.5,20.8,11.8,93
2021-11-29,30.4,23.0,19.6,12.0,96
2021-11-30,30.5,22.9,44.0,9.4,98
2021-12-01,31.2,22.9,0.0,17.5,100
2021-12-02,32.1,23.0,0.4,17.3,89
2021-12-03,31.0,23.0,3.2,10.5,89
2021-12-04,26.5,23.4,19.1,13.5,99
2021-12-05,26.1,23.0,6.4,6.7,98
2021-12-06,29.0,22.7,26.8,14.5,97
2021-12-07,27.0,22.6,34.8,10.4,97
2021-12-08,30.0,22.0,3.6,11.2,99
2021-12-09,30.8,22.5,2.8,9.3,98
2021-12-10,29.6,22.6,11.8,15.3,97
2021-12-11,30.4,22.7,15.0,14.3,99
2021-12-12,30.7,23.7,16.5,9.4,96
2021-12-13,31.5,22.7,10.2,12.6,94
2021-12-14,30.9,23.0,5.9,9.9,99
2021-12-15,31.5,23.5,10.7,6.6,97
2021-12-16,32.0,23.6,31.3,8.7,97
2021-12-17,31.0,22.9,26.7,16.8,98
2021-12-18,31.1,23.6,9.4,9.6,97
2021-12-19,31.9,22.9,5.4,10.3,97
2021-12-20,29.6,22.6,7.9,12.5,99
2021-12-21,28.5,23.2,3.9,8.7,100
2021-12-22,30.1,22.4,7.6,8.6,97
2021-12-23,30.7,22.2,7.2,14.9,97
2021-12-24,30.0,23.3,13.7,11.7,98
2021-12-25,28.5,21.9,11.2,13.7,98
2021-12-26,30.1,22.4,6.4,10.5,99
2021-12-27,29.7,22.5,9.2,11.7,99
2021-12-28,28.7,22.6,13.1,13.6,100
2021-12-29,30.0,21.5,3.2,10.2,99
2021-12-30,29.0,22.5,3.0,9.0,97
2021-12-31,30.2,22.4,3.4,14.8,98
2022-01-01,30.0,22.6,3.1,16.6,94
2022-01-02,31.4,22.5,3.3,11.2,93
2022-01-03,32.4,22.5,0.2,10.6,89
2022-01-04,31.7,21.6,0.0,10.5,89
2022-01-05,31.4,22.6,14.7,13.9,96
2022-01-06,30.2,22.1,16.3,10.0,98
2022-01-07,30.6,22.5,18.8,12.0,97
2022-01-08,31.5,22.7,5.2,12.3,97
2022-01-09,30.8,21.9,5.5,11.3,98
2022-01-10,29.9,21.9,20.9,10.8,99
2022-01-11,29.9,22.5,18.2,13.4,97
2022-01-12,28.9,23.0,20.6,15.3,96
2022-01-13,29.6,22.1,21.7,11.4,100
2022-01-14,28.9,21.8,28.5,17.6,98
2022-01-15,28.7,22.1,8.8,13.3,98
2022-01-16,29.5,21.8,6.5,13.4,97
2022-01-17,29.9,21.9,3.0,10.6,100
2022-01-18,28.2,22.0,13.3,13.4,97
2022-01-19,28.9,21.6,28.4,15.9,99
2022-01-20,25.3,22.0,24.5,13.5,97
2022-01-21,30.2,21.5,12.4,15.3,98
2022-01-22,28.9,22.2,8.1,10.7,98
2022-01-23,31.3,21.7,6.5,12.6,98
2022-01-24,30.8,23.0,3.4,18.1,94
2022-01-25,29.3,22.8,6.3,16.9,94
2022-01-26,28.5,23.0,5.0,14.2,97
2022-01-27,30.4,22.0,1.6,12.5,97
2022-01-28,30.4,21.9,3.4,13.7,98
2022-01-29,30.3,22.1,1.1,10.1,96
2022-01-30,31.2,22.9,5.7,10.4,97
2022-01-31,30.1,23.1,13.6,9.0,98
2022-02-01,31.1,22.5,6.2,13.1,96
2022-02-02,29.5,22.9,1.8,12.0,97
2022-02-03,29.1,22.4,13.9,10.1,98
2022-02-04,30.3,23.0,18.2,10.0,98
2022-02-05,26.7,23.2,18.4,11.9,99
2022-02-06,28.9,22.8,18.7,18.7,96
2022-02-07,28.9,22.8,7.3,12.3,97
2022-02-08,28.6,22.3,9.3,12.6,97
2022-02-09,30.2,21.3,10.9,19.9,100
2022-02-10,28.2,23.5,2.5,20.5,94
2022-02-11,30.5,21.3,0.6,16.4,89
2022-02-12,30.0,23.4,0.7,10.7,90
2022-02-13,28.1,23.0,12.6,14.1,97
2022-02-14,28.4,22.4,2.4,10.3,98
2022-02-15,30.6,22.4,0.7,11.9,91
2022-02-16,31.5,23.3,18.1,13.4,95
2022-02-17,29.1,22.4,22.0,16.8,99
2022-02-18,29.4,22.8,15.7,16.9,98
2022-02-19,30.5,22.8,13.8,14.5,98
2022-02-20,29.0,22.7,7.1,10.3,98
2022-02-21,30.8,22.9,4.2,12.2,98
2022-02-22,31.8,22.1,0.1,15.6,100
2022-02-23,30.3,21.6,5.0,17.4,96
2022-02-24,29.2,23.5,1.2,13.0,92
2022-02-25,27.0,22.5,5.8,15.1,92
2022-02-26,29.0,22.2,3.7,21.5,94
2022-02-27,29.5,22.4,0.5,22.5,95
2022-02-28,28.9,22.1,2.0,22.1,95
2022-03-01,25.4,22.8,21.1,15.2,96
2022-03-02,30.0,22.2,5.5,23.0,95
2022-03-03,30.0,22.5,6.8,15.9,95
2022-03-04,28.9,22.0,3.1,12.7,96
2022-03-05,29.1,22.1,5.5,16.6,97
2022-03-06,30.1,22.9,11.2,17.0,96
2022-03-07,30.1,23.7,4.4,12.7,97
2022-03-08,30.9,22.2,13.9,11.7,100
2022-03-09,29.6,22.8,11.0,11.2,97
2022-03-10,30.5,23.0,15.7,10.2,96
2022-03-11,30.1,22.7,7.8,15.0,99
2022-03-12,29.5,23.0,6.1,20.2,96
2022-03-13,30.8,22.2,2.8,14.4,97
2022-03-14,31.6,23.0,23.2,6.8,99
2022-03-15,27.7,23.1,8.2,9.1,99
2022-03-16,31.2,22.6,5.8,9.7,99
2022-03-17,31.1,23.2,4.5,16.4,95
2022-03-18,29.9,23.5,16.0,9.9,98
2022-03-19,31.1,23.1,4.8,15.3,96
2022-03-20,32.3,23.3,0.5,14.0,87
2022-03-21,31.5,23.7,0.4,16.2,88
2022-03-22,30.3,22.5,2.2,16.2,93
2022-03-23,29.5,22.4,17.0,13.0,94
2022-03-24,30.6,22.0,3.7,13.2,96
2022-03-25,31.4,21.8,5.1,10.8,95
2022-03-26,28.6,23.0,15.8,13.0,96
2022-03-27,30.8,22.4,27.6,12.6,96
2022-03-28,30.3,22.4,10.5,11.2,97
2022-03-29,30.5,21.2,0.9,11.6,95
2022-03-30,31.4,22.1,2.7,11.0,97
2022-03-31,31.5,22.2,5.7,11.3,96
2022-04-01,30.6,23.3,14.0,13.3,99
2022-04-02,30.8,22.6,8.6,9.2,97
2022-04-03,30.0,22.5,11.6,13.0,96
2022-04-04,31.4,22.9,2.5,11.6,92
2022-04-05,31.0,22.5,17.9,12.3,98
2022-04-06,31.2,22.8,7.0,15.7,98
2022-04-07,31.3,23.1,1.3,11.2,93
2022-04-08,30.9,23.9,0.7,16.1,85
2022-04-09,30.6,23.4,5.9,11.3,96
2022-04-10,30.2,22.8,12.5,8.9,97
2022-04-11,30.9,23.0,11.5,13.3,97
2022-04-12,30.8,22.5,6.5,13.3,97
2022-04-13,31.1,22.0,2.5,13.4,94
2022-04-14,31.0,23.9,4.3,9.5,95
2022-04-15,31.3,23.0,4.0,15.4,95
2022-04-16,31.9,22.5,1.3,9.4,96
2022-04-17,31.2,22.5,7.4,13.0,95
2022-04-18,31.8,23.4,10.2,13.2,97
2022-04-19,31.6,22.7,15.5,7.2,98
2022-04-20,29.9,23.6,2.4,12.4,99
2022-04-21,26.0,22.6,5.4,6.4,99
2022-04-22,29.9,23.1,16.2,14.3,99
2022-04-23,31.2,22.2,9.5,10.9,99
2022-04-24,31.9,23.0,0.9,9.8,97
2022-04-25,32.3,23.0,7.1,11.0,96
2022-04-26,31.3,22.8,1.6,8.0,99
2022-04-27,30.0,23.5,17.8,19.7,99
2022-04-28,29.0,23.6,14.0,15.5,96
2022-04-29,31.0,21.9,8.2,8.4,97
2022-04-30,29.8,23.4,16.7,12.6,99
2022-05-01,29.8,23.1,6.8,7.4,99
2022-05-02,30.5,23.1,22.8,9.4,96
2022-05-03,31.8,22.2,1.6,13.4,96
2022-05-04,31.4,22.3,18.2,14.0,97
2022-05-05,31.6,22.4,1.8,8.9,96
2022-05-06,31.4,22.9,6.5,10.5,97
2022-05-07,31.4,23.4,3.4,10.2,95
2022-05-08,31.9,22.8,0.2,10.9,98
2022-05-09,31.5,24.1,1.2,14.7,97
2022-05-10,32.2,24.0,7.5,10.1,96
2022-05-11,30.8,23.0,4.8,13.2,99
2022-05-12,30.4,23.3,1.7,12.5,98
2022-05-13,31.9,23.7,0.3,13.3,91
2022-05-14,31.7,23.8,2.8,11.6,96
2022-05-15,31.1,24.0,10.1,7.4,99
2022-05-16,31.4,22.6,8.9,9.6,99
2022-05-17,30.7,23.4,1.7,10.6,100
2022-05-18,31.2,22.9,6.5,13.8,96
2022-05-19,30.6,23.0,18.2,10.6,96
2022-05-20,30.2,22.4,19.5,13.7,98
2022-05-21,29.0,22.4,7.6,7.2,99
2022-05-22,28.4,23.0,0.7,14.4,100
2022-05-23,30.2,23.0,2.0,14.5,97
2022-05-24,29.9,22.2,3.4,19.5,96
2022-05-25,30.4,22.6,6.0,12.1,97
2022-05-26,27.4,22.0,6.3,9.4,97
2022-05-27,31.2,22.0,4.4,13.4,100
2022-05-28,29.8,21.6,0.0,11.4,99
2022-05-29,29.9,22.1,0.0,10.4,94
2022-05-30,28.6,22.3,10.1,7.7,96
2022-05-31,30.0,21.8,10.2,12.0,98
2022-06-01,30.7,21.6,8.7,7.6,100
2022-06-02,29.0,22.2,2.7,10.7,98
2022-06-03,30.6,22.5,0.1,9.4,91
2022-06-04,30.2,23.1,12.6,10.8,95
2022-06-05,30.3,22.3,14.3,7.1,96
2022-06-06,27.4,22.8,4.1,7.3,96
2022-06-07,29.5,21.2,10.3,13.4,97
2022-06-08,29.0,21.9,5.7,13.3,99
2022-06-09,28.9,21.7,12.7,13.1,100
2022-06-10,30.6,21.4,7.6,6.9,97
2022-06-11,30.3,22.3,20.0,8.6,97
2022-06-12,30.0,22.3,4.7,6.5,99
2022-06-13,29.5,22.4,9.3,7.4,98
2022-06-14,30.5,22.5,0.3,5.9,96
2022-06-15,27.9,22.6,7.3,10.9,98
2022-06-16,29.0,21.6,7.5,10.0,98
2022-06-17,29.0,22.5,2.0,7.1,97
2022-06-18,30.0,21.9,2.2,10.1,97
2022-06-19,30.6,21.2,2.3,11.9,95
2022-06-20,30.0,22.0,7.8,8.9,96
2022-06-21,30.2,21.9,1.1,12.1,94
2022-06-22,30.1,22.7,4.6,9.4,98
2022-06-23,30.8,21.5,1.1,13.2,96
2022-06-24,29.4,21.8,6.9,10.9,98
2022-06-25,29.5,22.2,20.4,7.4,99
2022-06-26,29.5,22.0,21.4,10.3,98
2022-06-27,29.6,22.8,14.9,7.9,96
2022-06-28,29.4,22.5,1.6,12.5,97
2022-06-29,31.0,21.6,0.0,8.4,97
2022-06-30,30.4,20.6,0.4,9.5,95
2022-07-01,29.9,20.2,0.0,12.1,95
2022-07-02,30.5,21.4,4.7,8.0,96
2022-07-03,29.9,22.9,6.8,8.7,96
2022-07-04,30.2,22.5,0.4,15.0,98
2022-07-05,31.3,22.5,4.4,8.1,94
2022-07-06,29.9,22.5,8.7,9.2,98
2022-07-07,30.6,21.9,0.2,7.2,98
2022-07-08,30.6,21.8,0.0,8.7,94
2022-07-09,29.3,22.2,3.6,8.9,95
2022-07-10,30.3,21.8,0.7,11.8,92
2022-07-11,31.0,21.6,0.0,9.1,94
2022-07-12,30.8,23.4,6.5,15.1,98
2022-07-13,29.0,23.0,15.3,13.9,99
2022-07-14,30.1,22.7,3.0,14.4,97
2022-07-15,30.6,22.5,51.5,10.2,98
2022-07-16,29.4,23.0,47.1,11.3,97
2022-07-17,29.4,22.7,2.1,14.7,96
2022-07-18,30.9,22.1,0.8,8.2,97
2022-07-19,31.5,22.8,0.5,7.1,97
2022-07-20,30.6,22.1,2.0,14.1,96
2022-07-21,31.5,22.2,0.0,9.2,95
2022-07-22,30.2,23.5,18.3,14.3,94
2022-07-23,30.4,22.1,9.7,10.3,96
2022-07-24,30.1,22.1,11.8,11.9,97
2022-07-25,29.7,21.9,2.5,13.4,96
2022-07-26,29.8,22.5,0.0,9.8,95
2022-07-27,31.0,21.3,0.0,7.8,95
2022-07-28,31.1,21.4,1.2,14.6,92
2022-07-29,30.6,21.5,1.6,12.1,95
2022-07-30,31.3,23.0,0.2,6.9,97
2022-07-31,31.0,22.2,0.0,11.8,95
2022-08-01,31.8,20.6,0.1,12.5,96
2022-08-02,31.1,22.9,0.8,7.9,93
2022-08-03,31.1,22.9,9.4,12.1,98
2022-08-04,30.4,22.0,8.2,11.0,98
2022-08-05,28.7,21.4,2.4,9.5,99
2022-08-06,31.1,21.2,0.2,10.9,96
2022-08-07,31.0,21.5,0.6,15.8,96
2022-08-08,31.9,22.3,0.9,9.9,94
2022-08-09,31.9,22.9,0.4,12.8,93
2022-08-10,32.1,22.8,0.5,9.4,91
2022-08-11,32.8,22.7,4.8,9.1,93
2022-08-12,31.8,23.1,2.3,8.1,96
2022-08-13,32.0,22.4,6.2,11.5,96
2022-08-14,31.8,21.9,14.9,9.4,97
2022-08-15,30.6,22.0,6.4,10.4,98
2022-08-16,29.9,22.5,7.2,8.8,98
2022-08-17,31.1,22.1,3.4,9.0,97
2022-08-18,31.1,21.7,0.0,10.2,93
2022-08-19,32.1,22.1,0.0,14.9,90
2022-08-20,32.0,23.5,3.9,12.4,92
2022-08-21,31.1,22.8,27.3,11.9,94
2022-08-22,30.3,21.5,2.4,10.4,97
2022-08-23,32.0,21.4,1.6,10.5,97
2022-08-24,31.8,22.0,0.2,8.9,98
2022-08-25,32.2,22.4,0.3,15.6,99
2022-08-26,31.9,22.4,3.3,12.8,91
2022-08-27,31.2,22.0,14.0,6.7,98
2022-08-28,29.5,21.8,16.2,7.9,100
2022-08-29,31.2,21.6,0.9,11.0,97
2022-08-30,31.3,22.3,1.4,11.5,92
2022-08-31,29.9,21.9,1.1,12.1,94
2022-09-01,30.9,22.5,12.0,12.7,98
2022-09-02,31.9,22.0,8.2,11.5,100
2022-09-03,30.6,21.2,0.9,12.6,98
2022-09-04,31.9,23.4,1.4,11.6,93
2022-09-05,31.5,22.9,17.6,12.6,95
2022-09-06,30.3,22.2,19.1,10.9,97
2022-09-07,30.0,22.5,12.9,9.2,100
2022-09-08,27.4,22.2,9.2,9.3,99
2022-09-09,29.9,22.2,24.0,7.7,98
2022-09-10,29.6,22.5,13.2,7.6,97
2022-09-11,30.5,21.7,10.2,11.0,98
2022-09-12,30.2,21.8,2.8,8.4,98
2022-09-13,30.8,21.9,1.0,11.6,93
2022-09-14,31.2,21.6,0.2,10.5,91
2022-09-15,31.2,22.0,0.8,9.3,95
2022-09-16,31.4,23.3,6.4,16.2,95
2022-09-17,31.2,22.0,8.5,18.1,94
2022-09-18,31.1,22.8,1.1,9.5,95
2022-09-19,31.0,23.1,8.0,12.5,94
2022-09-20,31.5,21.5,1.2,9.7,89
2022-09-21,31.9,23.0,0.4,12.4,96
2022-09-22,30.7,22.7,16.9,9.4,96
2022-09-23,30.9,22.5,23.5,15.3,98
2022-09-24,32.5,22.1,4.4,12.2,95
2022-09-25,32.0,21.6,0.6,9.2,100
2022-09-26,31.4,22.5,0.2,12.4,95
2022-09-27,32.0,22.6,0.4,12.2,92
2022-09-28,31.6,23.0,0.0,10.5,91
2022-09-29,31.2,23.1,1.6,12.3,95
2022-09-30,31.2,23.2,9.2,14.8,93
2022-10-01,32.0,22.8,13.0,14.1,97
2022-10-02,28.6,22.5,10.2,8.6,99
2022-10-03,30.8,22.9,16.8,12.0,97
2022-10-04,31.3,23.0,20.7,13.5,100
2022-10-05,30.0,22.5,24.1,9.9,98
2022-10-06,31.0,22.0,28.7,14.9,98
2022-10-07,29.3,22.2,20.0,15.5,98
2022-10-08,30.2,22.5,0.4,8.6,98
2022-10-09,30.5,22.7,9.9,10.1,98
2022-10-10,28.1,22.0,1.7,8.4,100
2022-10-11,30.0,22.5,14.0,7.2,98
2022-10-12,30.8,22.1,2.8,11.8,97
2022-10-13,30.5,22.8,7.7,9.7,98
2022-10-14,30.3,22.6,10.1,8.8,97
2022-10-15,30.4,22.5,3.7,9.4,98
2022-10-16,30.0,22.4,2.5,6.1,97
2022-10-17,31.4,22.9,3.9,9.8,96
2022-10-18,29.9,23.0,9.1,9.7,99
2022-10-19,28.7,23.2,12.7,15.5,98
2022-10-20,30.8,22.8,13.2,14.5,98
2022-10-21,29.6,22.4,10.3,9.4,98
2022-10-22,30.7,23.5,12.9,13.4,99
2022-10-23,29.7,22.8,4.4,13.0,99
2022-10-24,30.4,22.2,14.6,13.0,98
2022-10-25,29.6,23.2,19.9,12.3,96
2022-10-26,29.5,23.4,17.5,13.3,95
2022-10-27,30.5,22.4,0.9,15.3,93
2022-10-28,31.2,21.1,1.1,21.7,91
2022-10-29,31.0,21.9,3.0,10.7,93
2022-10-30,31.6,22.1,1.9,10.9,98
2022-10-31,30.1,23.6,2.8,7.9,97
2022-11-01,31.1,23.0,1.4,9.8,95
2022-11-02,32.3,21.9,1.7,10.5,95
2022-11-03,31.3,23.5,12.7,6.5,94
2022-11-04,32.0,23.0,19.7,11.3,96
2022-11-05,30.8,22.5,6.7,10.9,98
2022-11-06,29.8,22.3,10.1,9.4,100
2022-11-07,29.0,22.1,36.3,8.5,99
2022-11-08,29.6,22.5,22.8,12.1,98
2022-11-09,30.0,22.8,15.8,12.8,98
2022-11-10,29.6,21.9,14.1,12.1,100
2022-11-11,30.4,23.2,7.2,10.9,93
2022-11-12,30.8,23.0,39.9,10.6,98
2022-11-13,30.0,22.5,26.0,10.9,100
2022-11-14,31.4,22.8,10.0,11.1,99
2022-11-15,29.7,23.0,23.1,12.8,97
2022-11-16,29.9,23.0,11.0,13.4,97
2022-11-17,28.5,22.6,22.1,14.9,99
2022-11-18,29.9,23.1,8.8,16.0,95
2022-11-19,29.1,23.1,2.6,21.6,95
2022-11-20,30.9,22.9,0.2,15.7,94
2022-11-21,30.7,22.5,10.0,10.4,88
2022-11-22,31.0,22.6,1.7,15.0,92
2022-11-23,30.5,22.6,6.0,12.7,95
2022-11-24,30.1,23.5,13.2,16.2,94
2022-11-25,30.6,21.8,18.0,14.7,100
2022-11-26,30.8,22.8,0.0,7.2,100
2022-11-27,29.6,22.9,13.1,6.0,97
2022-11-28,30.3,22.8,11.4,10.1,98
2022-11-29,32.2,22.0,1.1,9.0,97
2022-11-30,30.5,22.2,0.7,12.4,97
2022-12-01,30.6,23.3,4.2,9.5,96
2022-12-02,29.0,21.8,3.7,14.2,98
2022-12-03,30.6,21.6,0.2,7.6,98
2022-12-04,30.7,22.9,18.1,13.8,98
2022-12-05,30.3,22.6,18.7,10.8,97
2022-12-06,28.6,22.2,14.7,9.0,98
2022-12-07,30.0,22.9,16.4,10.9,98
2022-12-08,30.5,22.5,9.0,14.5,99
2022-12-09,28.6,23.1,14.1,12.0,97
2022-12-10,30.4,22.9,1.2,11.2,99
2022-12-11,28.9,23.1,3.5,14.5,87
2022-12-12,30.6,23.5,15.3,11.3,96
2022-12-13,31.0,22.5,14.6,16.0,98
2022-12-14,30.0,22.5,9.0,14.8,95
2022-12-15,30.9,22.8,0.2,14.4,97
2022-12-16,30.6,23.6,21.8,11.1,96
2022-12-17,32.0,22.8,0.8,14.2,98
2022-12-18,31.8,22.8,5.0,10.8,97
2022-12-19,31.1,23.6,0.1,7.7,98
2022-12-20,30.1,22.0,24.2,11.6,97
2022-12-21,30.7,23.3,5.2,14.7,99
2022-12-22,29.8,23.5,6.3,17.2,92
2022-12-23,29.3,23.2,3.1,19.8,94
2022-12-24,29.5,22.6,9.9,18.8,96
2022-12-25,28.5,23.1,3.6,13.3,94
2022-12-26,28.0,22.5,12.1,16.9,94
2022-12-27,27.2,22.5,7.0,13.7,94
2022-12-28,29.1,21.9,10.8,17.3,93
2022-12-29,26.6,23.0,14.0,18.8,94
2022-12-30,27.0,22.2,23.1,13.2,99
2022-12-31,26.0,22.5,11.0,18.9,96
2023-01-01,28.1,21.6,26.8,17.3,97
2023-01-02,28.8,22.1,3.2,16.3,95
2023-01-03,25.6,22.6,14.2,16.6,93
2023-01-04,28.5,22.2,10.6,18.0,96
2023-01-05,30.0,20.9,6.5,11.8,96
2023-01-06,30.7,23.0,0.7,19.9,90
2023-01-07,30.8,23.0,1.3,18.0,92
2023-01-08,29.7,22.4,12.3,14.8,96
2023-01-09,30.1,22.7,6.4,15.7,96
2023-01-10,31.0,22.4,1.0,9.8,94
2023-01-11,31.9,22.5,3.8,9.0,98
2023-01-12,31.2,22.0,0.6,6.9,93
2023-01-13,30.9,22.5,9.4,12.3,94
2023-01-14,31.9,23.1,1.7,11.2,95
2023-01-15,31.1,22.9,2.1,8.5,87
2023-01-16,30.9,22.5,7.0,12.6,94
2023-01-17,29.4,22.7,3.8,11.4,96
2023-01-18,29.2,22.2,19.2,12.6,99
2023-01-19,29.0,21.9,9.7,8.9,99
2023-01-20,29.2,21.3,14.3,10.9,98
2023-01-21,30.0,22.0,4.4,18.1,98
2023-01-22,30.1,22.8,5.8,17.2,96
2023-01-23,28.1,23.3,4.0,17.7,91
2023-01-24,29.2,23.0,2.5,22.4,94
2023-01-25,27.5,22.9,20.7,17.5,95
2023-01-26,30.0,22.5,1.9,14.0,90
2023-01-27,28.6,22.4,7.0,12.2,98
2023-01-28,27.6,22.4,5.3,14.3,99
2023-01-29,28.5,22.4,31.8,14.8,99
2023-01-30,28.5,22.6,2.1,10.8,95
2023-01-31,29.7,22.1,1.5,12.4,94
2023-02-01,28.0,22.8,12.1,12.4,98
2023-02-02,28.0,23.0,14.2,13.5,98
2023-02-03,28.2,22.3,0.6,9.8,99
2023-02-04,29.4,20.6,2.8,16.9,91
2023-02-05,29.4,21.2,4.0,18.3,90
2023-02-06,30.5,23.9,0.1,18.1,83
2023-02-07,30.1,22.9,22.9,14.1,96
2023-02-08,30.0,22.6,0.1,15.8,96
2023-02-09,29.4,22.9,8.9,19.8,89
2023-02-10,29.2,23.1,21.2,21.3,95
2023-02-11,27.8,22.6,24.2,12.0,98
2023-02-12,26.2,22.5,38.1,16.3,99
2023-02-13,29.9,22.9,4.1,24.5,93
2023-02-14,26.5,22.9,9.2,15.1,94
2023-02-15,29.1,22.8,4.0,22.1,94
2023-02-16,28.1,23.1,8.9,19.6,94
2023-02-17,28.4,22.2,20.6,12.4,97
2023-02-18,29.7,21.0,4.6,9.7,97
2023-02-19,30.3,21.8,3.9,14.6,98
2023-02-20,29.9,21.9,8.7,16.9,92
2023-02-21,29.0,22.6,8.4,14.1,95
2023-02-22,29.0,22.4,17.2,14.6,97
2023-02-23,28.3,22.6,34.7,15.3,98
2023-02-24,28.1,22.1,36.7,15.0,98
2023-02-25,29.1,22.4,20.8,11.6,98
2023-02-26,28.6,22.0,44.5,14.3,98
2023-02-27,26.4,22.7,14.4,10.8,96
2023-02-28,28.5,22.1,28.4,17.4,97
2023-03-01,28.4,22.3,4.2,24.1,95
2023-03-02,25.0,22.0,39.2,13.7,97
2023-03-03,30.0,21.0,1.8,20.1,94
2023-03-04,27.9,22.8,6.0,15.6,94
2023-03-05,29.5,22.5,2.3,15.7,92
2023-03-06,29.8,21.6,10.3,13.0,94
2023-03-07,30.5,21.4,4.9,11.4,98
2023-03-08,28.4,22.2,6.9,11.3,99
2023-03-09,29.6,22.1,3.5,9.7,97
2023-03-10,30.5,22.4,13.0,13.6,98
2023-03-11,30.7,22.5,27.0,12.3,98
2023-03-12,29.5,22.5,5.5,9.2,98
2023-03-13,30.4,22.0,1.4,8.2,97
2023-03-14,26.9,21.7,13.9,10.5,100
2023-03-15,28.2,21.9,8.0,8.7,99
2023-03-16,30.8,21.7,3.5,13.9,98
2023-03-17,30.9,22.3,4.5,10.0,96
2023-03-18,31.4,23.0,11.5,11.4,97
2023-03-19,30.8,22.1,10.1,12.5,97
2023-03-20,31.4,22.5,15.1,11.6,97
2023-03-21,31.2,22.3,4.4,15.2,97
2023-03-22,31.0,22.6,3.6,8.7,97
2023-03-23,31.2,23.0,2.1,9.4,96
2023-03-24,31.2,22.6,6.2,11.4,96
2023-03-25,30.6,22.2,19.1,12.4,99
2023-03-26,30.5,23.9,11.3,10.0,98
2023-03-27,30.0,23.0,18.1,12.3,97
2023-03-28,29.9,22.6,7.0,10.0,97
2023-03-29,28.2,22.7,29.9,13.2,99
2023-03-30,29.4,22.8,16.5,17.4,96
2023-03-31,28.6,23.2,0.4,16.2,93
2023-04-01,28.4,22.3,0.5,15.0,95
2023-04-02,30.3,22.2,0.7,12.3,97
2023-04-03,30.1,21.2,2.5,12.4,100
2023-04-04,30.1,20.5,3.1,15.3,95
2023-04-05,31.5,21.2,0.0,8.9,99
2023-04-06,31.2,19.5,0.0,12.2,94
2023-04-07,32.2,21.6,0.3,9.6,90
2023-04-08,31.5,21.0,0.6,10.9,96
2023-04-09,31.4,22.2,1.9,13.0,98
2023-04-10,30.4,23.2,0.8,19.5,92
2023-04-11,30.8,23.3,8.9,12.6,87
2023-04-12,31.2,22.2,4.7,11.9,97
2023-04-13,31.1,23.1,1.9,14.2,90
2023-04-14,31.1,24.2,5.6,10.8,92
2023-04-15,30.9,22.5,9.2,11.9,99
2023-04-16,30.3,23.0,14.4,8.6,99
2023-04-17,32.1,22.1,2.7,9.5,100
2023-04-18,31.2,24.0,18.5,10.1,98
2023-04-19,31.4,23.4,11.5,12.5,98
2023-04-20,31.2,23.1,16.4,8.2,97
2023-04-21,31.0,22.2,14.2,10.2,99
2023-04-22,31.5,22.7,3.3,10.5,99
2023-04-23,31.9,23.8,2.2,8.9,99
2023-04-24,32.0,22.6,7.7,11.8,97
2023-04-25,30.5,22.9,8.8,11.0,98
2023-04-26,31.5,22.4,8.3,8.4,97
2023-04-27,31.2,23.0,10.4,7.9,96
2023-04-28,30.8,23.2,12.6,11.7,95
2023-04-29,30.8,22.2,11.0,10.9,96
2023-04-30,32.0,23.0,2.0,11.4,96
2023-05-01,28.8,22.5,8.0,9.8,99
2023-05-02,31.0,23.7,9.1,9.4,95
2023-05-03,31.4,24.1,19.5,11.2,95
2023-05-04,31.0,23.8,22.3,11.8,97
2023-05-05,31.8,23.0,10.1,10.8,99
2023-05-06,30.2,22.6,10.9,8.6,99
2023-05-07,31.1,23.5,16.1,15.7,96
2023-05-08,31.0,23.4,18.5,9.5,99
2023-05-09,31.5,23.1,0.2,8.2,99
2023-05-10,32.0,23.0,3.1,16.8,97
2023-05-11,30.7,23.5,0.5,21.7,96
2023-05-12,31.7,23.8,4.5,19.4,96
2023-05-13,32.3,23.1,6.2,8.9,97
2023-05-14,32.0,23.1,0.0,9.8,97
2023-05-15,31.4,22.4,0.3,11.7,95
2023-05-16,31.9,22.0,0.2,10.8,95
2023-05-17,31.0,22.5,1.1,8.8,97
2023-05-18,30.8,23.0,7.0,12.6,97
2023-05-19,31.0,22.8,2.8,8.6,96
2023-05-20,31.0,23.3,2.0,12.1,96
2023-05-21,31.5,23.5,5.4,11.4,97
2023-05-22,31.0,22.9,2.8,8.0,98
2023-05-23,30.9,22.8,5.6,11.9,96
2023-05-24,30.7,23.5,1.1,10.4,94
2023-05-25,31.1,22.6,1.0,8.9,96
2023-05-26,31.8,23.5,0.3,15.3,93
2023-05-27,31.5,22.9,2.8,7.3,96
2023-05-28,31.0,23.1,4.1,10.0,96
2023-05-29,31.2,22.9,4.5,9.2,95
2023-05-30,31.0,23.2,1.5,8.9,94
2023-05-31,32.0,22.3,0.0,13.0,97
2023-06-01,32.0,22.7,0.3,9.4,89
2023-06-02,33.1,22.7,0.0,7.9,96
2023-06-03,32.8,23.0,0.0,10.5,97
2023-06-04,32.3,23.5,1.1,9.8,98
2023-06-05,32.3,23.2,0.9,11.0,97
2023-06-06,31.6,23.2,3.6,5.4,98
2023-06-07,31.6,23.5,5.1,12.3,95
2023-06-08,31.9,22.8,4.8,14.3,96
2023-06-09,32.5,21.4,1.0,11.8,97
2023-06-10,31.9,22.3,1.2,16.4,99
2023-06-11,32.5,22.0,0.2,8.0,96
2023-06-12,33.0,22.5,4.9,12.9,91
2023-06-13,34.2,23.5,5.7,11.4,93
2023-06-14,32.1,23.3,11.3,13.2,99
2023-06-15,31.9,22.6,17.4,12.5,99
2023-06-16,26.6,22.7,21.2,8.0,98
2023-06-17,30.5,22.8,1.8,12.6,98
2023-06-18,30.9,22.4,7.4,9.5,96
2023-06-19,30.6,22.8,21.2,15.6,97
2023-06-20,30.6,21.5,5.5,10.8,96
2023-06-21,30.9,22.7,5.7,6.5,97
2023-06-22,31.6,22.5,0.8,9.2,96
2023-06-23,30.5,23.0,3.1,11.6,97
2023-06-24,30.8,22.8,2.9,7.9,97
2023-06-25,30.7,22.5,2.5,9.2,98
2023-06-26,31.5,21.8,0.9,8.4,97
2023-06-27,31.6,22.1,0.2,6.6,97
2023-06-28,32.3,22.1,5.7,9.4,94
2023-06-29,31.5,23.8,5.2,9.8,94
2023-06-30,31.9,23.1,1.0,9.2,94
2023-07-01,31.6,23.1,2.2,16.1,97
2023-07-02,31.9,23.0,3.0,12.5,100
2023-07-03,32.3,23.2,1.4,11.3,96
2023-07-04,32.0,22.5,0.8,7.6,94
2023-07-05,33.0,22.5,1.9,12.5,96
2023-07-06,30.3,22.6,14.3,14.0,98
2023-07-07,30.6,22.2,17.5,12.4,98
2023-07-08,30.4,23.5,11.5,11.7,98
2023-07-09,30.9,21.8,3.5,14.2,99
2023-07-10,31.1,22.0,25.1,14.1,95
2023-07-11,31.4,20.6,0.1,11.9,98
2023-07-12,31.4,21.5,0.1,9.3,98
2023-07-13,31.6,22.9,0.8,10.4,97
2023-07-14,31.5,23.4,8.6,16.6,94
2023-07-15,31.0,22.2,1.7,11.8,95
2023-07-16,31.2,22.6,0.7,10.2,95
2023-07-17,32.2,22.1,0.1,8.3,95
2023-07-18,32.0,20.9,0.0,11.3,97
2023-07-19,32.0,21.4,0.0,12.6,90
2023-07-20,32.1,21.1,0.0,14.3,84
2023-07-21,32.3,22.5,0.1,14.2,89
2023-07-22,33.0,22.4,0.2,13.8,95
2023-07-23,33.5,22.3,0.1,11.9,95
2023-07-24,31.1,23.0,4.9,13.0,96
2023-07-25,32.0,21.7,2.3,13.8,98
2023-07-26,29.8,22.0,1.0,7.0,99
2023-07-27,31.3,22.6,1.5,12.1,95
2023-07-28,32.0,23.1,2.8,13.3,91
2023-07-29,33.0,22.2,0.1,10.0,92
2023-07-30,31.6,21.6,0.7,10.4,94
2023-07-31,32.7,22.5,0.1,11.0,84
2023-08-01,33.8,20.2,0.0,15.7,89
2023-08-02,33.0,21.9,6.4,12.0,95
2023-08-03,33.3,23.5,5.7,12.6,96
2023-08-04,33.5,22.5,0.1,12.5,98
2023-08-05,33.4,23.0,0.0,15.3,95
2023-08-06,32.7,22.1,3.7,12.3,95
2023-08-07,32.8,21.7,1.1,10.2,98
2023-08-08,33.9,22.0,0.6,14.1,95
2023-08-09,33.5,21.8,0.3,10.6,98
2023-08-10,33.0,21.5,0.4,13.8,94
2023-08-11,31.9,21.3,0.0,12.4,97
2023-08-12,33.0,21.9,0.0,15.1,95
2023-08-13,33.5,21.0,0.2,16.6,92
2023-08-14,34.3,21.8,0.0,16.2,97
2023-08-15,34.6,21.0,0.8,18.4,88
2023-08-16,34.7,22.2,0.0,16.7,89
2023-08-17,35.1,23.1,0.0,22.5,81
2023-08-18,34.5,22.5,0.2,17.5,82
2023-08-19,35.0,22.3,0.0,16.1,91
2023-08-20,35.8,22.6,0.1,18.9,96
2023-08-21,34.1,22.5,0.3,17.1,89
2023-08-22,34.0,21.7,0.3,15.2,84
2023-08-23,34.2,22.9,0.6,14.0,81
2023-08-24,34.9,22.2,0.4,10.6,91
2023-08-25,34.1,22.6,1.3,12.4,98
2023-08-26,33.2,22.9,0.0,12.4,97
2023-08-27,32.5,22.6,1.8,13.9,100
2023-08-28,31.0,22.0,4.0,11.2,93
2023-08-29,34.0,21.5,0.0,19.0,97
2023-08-30,34.5,22.6,0.5,16.6,93
2023-08-31,35.0,21.0,0.0,19.2,91
2023-09-01,34.7,22.0,0.0,21.0,85
2023-09-02,34.3,21.8,3.2,22.0,93
2023-09-03,34.2,22.9,0.1,13.8,89
2023-09-04,34.5,20.9,0.0,20.5,82
2023-09-05,34.8,20.6,0.0,21.1,83
2023-09-06,35.7,22.0,0.0,20.7,80
2023-09-07,35.0,22.2,0.0,11.3,81
2023-09-08,35.2,23.2,2.1,14.8,94
2023-09-09,34.2,22.7,1.4,12.9,98
2023-09-10,34.8,22.7,1.1,20.2,91
2023-09-11,36.0,21.9,0.1,16.5,96
2023-09-12,37.2,23.0,0.2,15.0,83
2023-09-13,35.6,23.4,0.0,19.0,86
2023-09-14,35.0,22.9,0.5,21.3,89
2023-09-15,35.9,22.5,0.0,20.9,92
2023-09-16,36.0,23.0,4.7,16.7,92
2023-09-17,35.0,23.4,2.8,14.8,90
2023-09-18,34.2,23.4,2.2,12.0,91
2023-09-19,33.8,23.6,14.9,15.6,98
2023-09-20,33.8,23.5,0.5,13.8,98
2023-09-21,34.3,23.6,0.0,12.3,92
2023-09-22,34.5,21.6,1.0,24.5,94
2023-09-23,33.9,22.0,0.4,12.5,90
2023-09-24,36.2,22.5,0.0,19.7,94
2023-09-25,37.5,21.9,0.0,22.7,90
2023-09-26,36.3,23.4,0.0,19.2,81
2023-09-27,37.0,22.5,0.0,21.7,79
2023-09-28,38.5,22.9,0.0,23.6,80
2023-09-29,37.1,23.6,1.5,13.5,74
2023-09-30,35.9,23.4,2.6,19.9,94
2023-10-01,36.3,23.0,0.1,21.6,93
2023-10-02,36.1,23.5,0.1,15.0,89
2023-10-03,35.6,23.7,0.0,22.0,83
2023-10-04,35.2,23.4,0.8,15.1,93
2023-10-05,36.1,23.9,0.7,20.6,96
2023-10-06,35.1,23.3,1.7,9.0,95
2023-10-07,35.2,23.8,1.8,12.9,93
2023-10-08,35.8,24.0,1.0,16.9,90
2023-10-09,36.2,23.8,2.5,17.1,93
2023-10-10,34.8,24.0,4.4,17.1,99
2023-10-11,36.2,24.1,1.3,15.1,97
2023-10-12,36.1,23.5,0.1,20.8,96
2023-10-13,36.8,23.9,1.5,18.4,95
2023-10-14,35.9,24.5,3.0,16.5,94
2023-10-15,34.8,24.0,3.1,14.3,90
2023-10-16,37.4,23.4,0.3,20.0,89
2023-10-17,38.4,24.0,1.1,20.5,93
2023-10-18,37.8,24.2,0.0,22.3,79
2023-10-19,35.4,23.2,0.1,20.6,76
2023-10-20,35.7,23.7,23.8,15.7,93
2023-10-21,35.2,23.7,3.4,16.0,97
2023-10-22,34.0,24.1,3.6,11.1,91
2023-10-23,35.1,22.6,2.7,14.4,97
2023-10-24,33.7,23.1,15.4,12.2,92
2023-10-25,33.9,23.5,22.3,11.5,96
2023-10-26,34.7,23.4,1.0,10.0,98
2023-10-27,35.7,24.5,0.5,15.8,91
2023-10-28,37.3,24.0,0.0,18.1,92
2023-10-29,37.0,23.5,0.0,24.8,80
2023-10-30,36.2,23.1,0.1,16.6,81
2023-10-31,36.3,24.8,1.3,13.7,93
2023-11-01,35.2,23.9,5.3,16.4,99
2023-11-02,35.2,24.3,4.2,14.1,99
2023-11-03,34.8,24.0,4.3,14.0,97
2023-11-04,33.3,23.8,12.2,14.5,97
2023-11-05,33.2,23.8,8.1,10.9,96
2023-11-06,34.8,23.4,0.4,11.2,97
2023-11-07,34.3,23.5,0.6,10.9,93
2023-11-08,35.2,23.7,1.2,13.0,98
2023-11-09,36.9,24.3,0.7,16.6,91
2023-11-10,36.2,24.2,1.4,17.9,93
2023-11-11,33.5,24.0,2.5,11.5,99
2023-11-12,34.7,23.3,11.4,10.7,99
2023-11-13,34.5,23.0,5.0,12.1,98
2023-11-14,33.6,23.8,26.4,18.7,97
2023-11-15,33.6,23.2,1.0,7.6,99
2023-11-16,34.4,24.8,14.7,9.9,95
2023-11-17,32.3,24.1,2.5,12.1,98
2023-11-18,34.1,23.2,4.3,8.4,99
2023-11-19,35.2,24.1,0.4,8.8,96
2023-11-20,33.6,24.3,1.7,16.8,94
2023-11-21,33.5,23.6,11.2,13.9,98
2023-11-22,33.6,23.5,3.2,10.4,98
2023-11-23,32.8,23.9,7.9,11.3,96
2023-11-24,32.0,24.2,10.2,20.1,99
2023-11-25,28.7,23.0,11.6,10.7,98
2023-11-26,32.3,22.5,11.0,9.3,99
2023-11-27,28.4,23.1,14.5,11.2,97
2023-11-28,31.1,22.9,34.7,8.8,99
2023-11-29,32.1,22.1,24.2,11.6,99
2023-11-30,30.5,23.5,17.9,8.0,96
2023-12-01,27.2,23.4,14.4,8.4,99
2023-12-02,31.9,23.9,11.9,8.5,97
2023-12-03,30.6,23.5,22.8,11.9,96
2023-12-04,30.2,23.5,9.2,5.5,99
2023-12-05,31.7,23.5,0.2,8.7,99
2023-12-06,31.1,23.8,11.0,7.6,97
2023-12-07,31.9,23.1,7.1,9.0,99
2023-12-08,31.7,23.0,8.0,8.9,99
2023-12-09,31.5,23.5,17.0,6.8,98
2023-12-10,31.5,23.6,5.2,8.4,98
2023-12-11,32.3,23.2,2.0,9.3,96
2023-12-12,32.8,22.9,0.2,10.3,100
2023-12-13,32.5,22.0,0.1,11.0,88
2023-12-14,33.9,22.4,0.1,12.3,88
2023-12-15,34.0,22.1,0.0,13.4,92
2023-12-16,34.1,23.2,0.0,19.4,86
2023-12-17,34.3,23.4,0.1,10.7,94
2023-12-18,34.7,23.5,0.9,8.0,96
2023-12-19,34.8,24.0,0.0,14.2,85
2023-12-20,35.1,22.0,0.0,15.5,84
2023-12-21,35.3,22.3,0.0,16.8,83
2023-12-22,35.2,22.6,0.1,17.2,83
2023-12-23,36.0,24.9,0.9,12.4,86
2023-12-24,34.7,24.8,5.5,15.9,91
2023-12-25,32.5,23.9,19.6,15.8,97
2023-12-26,30.8,23.2,8.6,7.3,97
2023-12-27,31.4,24.0,12.9,14.5,98
2023-12-28,33.2,23.8,9.6,10.1,98
2023-12-29,32.2,23.6,10.2,8.8,99
2023-12-30,32.4,23.6,11.2,12.6,99
2023-12-31,31.9,23.9,13.9,8.7,99
